Date,Temperature,Wind Speed,Wind Direction,Precipitation,Humidity,Pressure
2020-01-01,0.6,2.2,,0,81,1016.3
2020-01-02,1.7,3.8,,0,85,1005.9
2020-01-03,5.6,4.7,,0,64,995
2020-01-04,3.1,3,,0.2,50,1008.2
2020-01-05,-0.4,1.7,,0,85,1018.7
2020-01-06,0.7,1.9,,0.6,99,1011.9
2020-01-07,3.6,3.4,,0,93,1006.9
2020-01-08,5.6,4,,0.4,74,998.7
2020-01-09,4.3,2.8,,0,78,1008.4
2020-01-10,1.3,1.4,,0,84,1015.2
2020-01-11,-2.3,4.3,,0,94,1006.4
2020-01-12,5,1.3,,1.1,86,1001.3
2020-01-13,0.3,1.1,,0,93,1005.7
2020-01-14,1.1,4.6,,8.2,89,990.8
2020-01-15,4.4,3.1,,7.4,88,990.9
2020-01-16,4.7,3.2,,0,80,1008.6
2020-01-17,5.1,3.2,,1.8,98,1009.1
2020-01-18,5.4,1.4,,27.5,100,1005
2020-01-19,2.5,1.7,,0.8,72,1027
2020-01-20,1.8,1.3,,0,79,1027.9
2020-01-21,5.1,2.2,,0,68,1020.4
2020-01-22,5.3,2.3,,0,52,1025.5
2020-01-23,1.6,1,,0,81,1016.9
2020-01-24,1.5,2.4,,0,73,1006.2
2020-01-25,2.5,1.3,,0,78,1008
2020-01-26,2.3,1.7,,0,95,1005.2
2020-01-27,4,3.1,,1.5,98,998.1
2020-01-28,3.7,4,,10.1,96,989.8
2020-01-29,2.1,2.6,,8.4,96,988.3
2020-01-30,1.2,2,,2.9,90,993.6
2020-01-31,-0.2,2.3,,4,96,990.4
2020-02-01,1.5,1.9,,1.8,95,980.5
2020-02-02,4.5,2.5,,0,58,991.8
2020-02-03,1.2,1.9,,0,70,999.9
2020-02-04,-0.5,2.8,,2.4,81,1007.5
2020-02-05,-3.4,1.6,,0.3,83,1017.6
2020-02-06,0.3,1.4,,0,80,1018.9
2020-02-07,2.2,1.5,,0,97,1024.2
2020-02-08,1.7,3.2,,0.3,96,1013.1
2020-02-09,3.6,6.1,,1.7,94,980.6
2020-02-10,5.2,4.1,,7.9,65,960.7
2020-02-11,3.8,2.9,,0,73,971.7
2020-02-12,2.7,2.9,,0,64,981.7
2020-02-13,2,2,,0,57,1000.1
2020-02-14,-0.2,1.5,,0,77,1011.9
2020-02-15,1,3.6,,0.1,93,1002.9
2020-02-16,6,5.6,,7,87,977.7
2020-02-17,5.1,6,,3.2,69,979.9
2020-02-18,6.2,3.9,,0,69,992.1
2020-02-19,3.2,1.5,,0,76,1001
2020-02-20,1,3.4,,0,94,997.8
2020-02-21,3.3,4.3,,9,81,994.1
2020-02-22,5,5.3,,0.1,70,981.5
2020-02-23,4.9,2.8,,0.5,53,990
2020-02-24,2.7,2.4,,0,58,1003.5
2020-02-25,1.5,6.9,,0,55,992.9
2020-02-26,-0.2,4.8,,0,55,997.1
2020-02-27,-3.4,2.1,,0,68,999.4
2020-02-28,-4.2,1.6,,0,79,1000.8
2020-02-29,-1.5,4.8,,0,82,993.5
2020-03-01,-0.6,3.1,,12.3,95,978.5
2020-03-02,2.4,3.6,,4.7,89,988.5
2020-03-03,3,4.1,,5,93,1003
2020-03-04,1.4,3,,3.3,94,1003.6
2020-03-05,0.1,1.3,,4,91,1001
2020-03-06,0.4,1.8,,0,92,1005.9
2020-03-07,-2.4,2.2,,0,91,1010.5
2020-03-08,-0.2,5.2,,2.2,98,997.3
2020-03-09,5,3.1,,1.8,90,1002.1
2020-03-10,4.7,2.2,,0,94,992.7
2020-03-11,3,3.4,,7.9,75,987.4
2020-03-12,4.8,3,,0,65,983.7
2020-03-13,3.7,4.4,,0.1,44,1004.2
2020-03-14,-0.7,3.4,,0.1,56,1018.4
2020-03-15,1.9,4.8,,0.8,93,1001.4
2020-03-16,4.5,4.1,,2.2,66,1011.3
2020-03-17,4.7,5,,0,67,1010.2
2020-03-18,7.3,4.1,,0,58,1008.1
2020-03-19,4.7,2.8,,0,60,1017.1
2020-03-20,4.8,3.2,,0,44,1030.6
2020-03-21,2.2,2.1,,0,48,1037.9
2020-03-22,0.9,2.8,,0,67,1037.9
2020-03-23,2.6,5.4,,0,68,1032.7
2020-03-24,3.6,5.8,,0,73,1026.3
2020-03-25,4.6,4.4,,0,77,1023.3
2020-03-26,5.9,2.5,,0,81,1027.6
2020-03-27,5.4,1.6,,0,82,1026.8
2020-03-28,3.1,5,,0,49,1027
2020-03-29,2.1,3.8,,0,41,1030.6
2020-03-30,3,3.5,,0,44,1028.9
2020-03-31,1.5,2.4,,0,53,1019.5
2020-04-01,5.9,2.6,,0,56,1002.5
2020-04-02,6.1,4.7,,0,63,984.2
2020-04-03,3.5,4.3,,0.7,36,998
2020-04-04,2.7,3.4,,0,49,1017
2020-04-05,4.4,1.9,,0.3,90,1025.7
2020-04-06,5,2.5,,1.6,68,1020.8
2020-04-07,8.3,3.7,,0.3,56,1022.5
2020-04-08,8,3.3,,0,65,1019.2
2020-04-09,7.2,3.8,,0,39,1020
2020-04-10,6.1,1.8,,0,43,1024.8
2020-04-11,5.4,2.5,,0,84,1020
2020-04-12,4.8,4.9,,11.3,64,1002.3
2020-04-13,6.5,6.6,,0,33,1012.1
2020-04-14,3.1,2.4,,0,59,1013.5
2020-04-15,5.7,4.1,,0,48,1003.2
2020-04-16,11.5,4.3,,0.3,34,1011
2020-04-17,6.7,3.5,,0.7,38,1021.2
2020-04-18,6.2,2.5,,0,46,1024.4
2020-04-19,7.5,2.6,,0.3,48,1027.3
2020-04-20,11,2.3,,0,42,1030.8
2020-04-21,13.4,2.1,,0,38,1032.8
2020-04-22,13.3,1.8,,0,42,1029.7
2020-04-23,13.8,2.1,,0,40,1019.5
2020-04-24,13.2,4.8,,0,46,1011.3
2020-04-25,8.2,2.3,,0,48,1010
2020-04-26,9.5,2.9,,0,52,1007.2
2020-04-27,9.5,3.9,,0.3,88,1004.8
2020-04-28,4,3.6,,16.4,73,1008
2020-04-29,4,1.8,,0.1,58,1010.1
2020-04-30,6.1,3.6,,0,60,1007.5
2020-05-01,4.6,2.7,,7.1,81,999.8
2020-05-02,7.3,2,,1.9,68,1001.5
2020-05-03,9.2,3,,0.2,64,1008.8
2020-05-04,7.9,5,,6.3,55,1016.6
2020-05-05,7.2,3.1,,0.1,45,1020.4
2020-05-06,8.8,3.1,,0,45,1015.9
2020-05-07,11,2,,0.2,49,1016.3
2020-05-08,10,3.2,,0,49,1009.7
2020-05-09,10.4,2.7,,0.3,48,1011.2
2020-05-10,10.1,3.4,,13,72,1007
2020-05-11,3.3,3.2,,1.2,40,1010.5
2020-05-12,5.7,3.6,,1.3,48,1004.3
2020-05-13,4.3,2.2,,0.4,41,1010.4
2020-05-14,6.1,2.8,,0,42,1010.3
2020-05-15,6.9,3.2,,0,46,1006.4
2020-05-16,7.3,4,,0,44,1003.6
2020-05-17,7.4,3.7,,0,41,1005.9
2020-05-18,8.6,2,,0.5,47,1012
2020-05-19,9.6,3.6,,0,41,1015
2020-05-20,10.1,2.6,,0,40,1022.9
2020-05-21,10.6,2.3,,0,54,1023.3
2020-05-22,13.2,2.9,,0,61,1018.3
2020-05-23,12.6,3.4,,6.3,87,1010.2
2020-05-24,10.4,2.6,,4.4,84,1009.7
2020-05-25,11.7,2,,2.3,63,1026.9
2020-05-26,14.9,2.4,,0,74,1030.8
2020-05-27,12.7,3.2,,0,50,1028.4
2020-05-28,13.4,1.9,,0,45,1030.6
2020-05-29,14,2.5,,0,44,1029.8
2020-05-30,17.4,3.7,,0,42,1030.9
2020-05-31,17.9,2.4,,0,42,1031.2
2020-06-01,18.7,1.8,,0,45,1026.7
2020-06-02,20,2,,0.1,46,1015.4
2020-06-03,19,2.5,,0.2,49,1007.2
2020-06-04,17.8,3.2,,0.8,55,1000.4
2020-06-05,15.7,4.1,,0.7,74,993.1
2020-06-06,11.5,2.5,,9.9,98,989.3
2020-06-07,10.7,4.2,,20.5,83,1000.2
2020-06-08,11.9,2.8,,3.3,77,1011.6
2020-06-09,12.8,2.1,,0.4,65,1017.6
2020-06-10,14.6,2.2,,0,71,1020.9
2020-06-11,17.4,3.6,,0.9,46,1023.2
2020-06-12,20.9,3.9,,0,37,1022.6
2020-06-13,21.6,3.6,,0,38,1023.3
2020-06-14,20.6,2.1,,0,40,1022.1
2020-06-15,20.2,2.1,,0,41,1016.9
2020-06-16,23.9,3,,0,51,1014.8
2020-06-17,22,2.3,,0.6,58,1013.5
2020-06-18,21.6,1.8,,0,56,1013.8
2020-06-19,23.7,2.7,,0,49,1014.3
2020-06-20,24.7,3.2,,0,63,1017
2020-06-21,21.7,2.4,,5.9,83,1017.9
2020-06-22,17,2.3,,34.9,87,1017.6
2020-06-23,15.5,2.2,,0,66,1021.7
2020-06-24,20.3,2.2,,0,70,1025.2
2020-06-25,21.9,2.4,,0,68,1024.8
2020-06-26,21.5,2.5,,0,60,1018.8
2020-06-27,23.2,1.8,,0.1,59,1010.6
2020-06-28,24,1.9,,0.6,88,1006.4
2020-06-29,16.9,2.8,,25.9,73,1004.6
2020-06-30,15.9,2.2,,4.5,82,992.6
2020-07-01,14.6,2.6,,10.2,66,996.3
2020-07-02,13.5,2.7,,0.6,63,1000
2020-07-03,13.6,2.7,,3,67,1004.8
2020-07-04,12.2,2.1,,3,63,1002
2020-07-05,14.7,3.7,,0,83,989.7
2020-07-06,13.5,3.5,,47,71,990.7
2020-07-07,13.2,2.4,,2.3,68,1003.1
2020-07-08,10.8,3,,8.2,65,1006.5
2020-07-09,13.6,2.2,,2.1,62,1010
2020-07-10,15.1,2.3,,0,69,1007.8
2020-07-11,14.2,2.7,,0.7,54,1010.4
2020-07-12,15.8,2.5,,0,53,1016.1
2020-07-13,15.6,2.4,,0,58,1016.4
2020-07-14,16.1,2.1,,1.5,93,1010.4
2020-07-15,14.1,1.7,,12,74,1009.9
2020-07-16,17.1,2.1,,0.1,75,1014.1
2020-07-17,16.9,4.2,,0,83,1014.9
2020-07-18,17.1,4.2,,2.3,93,1015
2020-07-19,15.9,3.2,,14.9,97,1012.5
2020-07-20,15.5,2.2,,5,68,1010.2
2020-07-21,16.5,3.1,,0,58,1013.7
2020-07-22,13.8,1.6,,0.1,66,1015.4
2020-07-23,13.3,2.5,,1.7,59,1011.3
2020-07-24,15,2.8,,0,56,1004.6
2020-07-25,16,3.3,,0,59,1006.1
2020-07-26,16.9,2.5,,11.3,95,1005.1
2020-07-27,15.5,3.5,,13.1,79,1010.4
2020-07-28,16.2,3.3,,2.1,87,1002.5
2020-07-29,13.9,1.7,,16.5,90,1000.4
2020-07-30,13.8,2.4,,6.9,68,1007.6
2020-07-31,18.8,2,,0,61,1017
2020-08-01,20,2.3,,0.1,67,1015.9
2020-08-02,19.7,2.2,,0,88,1006.5
2020-08-03,15.2,2.5,,8.4,64,1005.5
2020-08-04,16.6,2.3,,0,60,1009.1
2020-08-05,16.2,3.1,,1.6,94,1009.2
2020-08-06,15.2,2.4,,9.6,84,1018.7
2020-08-07,17.9,2.6,,0.2,73,1022.9
2020-08-08,19.8,2.1,,0,74,1021.1
2020-08-09,20.1,3.6,,0,63,1022.3
2020-08-10,19.7,3.3,,0,63,1024.2
2020-08-11,18.1,2.1,,0.1,70,1024.9
2020-08-12,20.4,2.3,,0,74,1021.5
2020-08-13,20.3,2.1,,0,73,1016.6
2020-08-14,19.3,1.7,,9.5,78,1013.6
2020-08-15,20.5,1.9,,0,85,1015.4
2020-08-16,18.8,1.3,,0,82,1015.7
2020-08-17,18.2,1.7,,0,70,1013.1
2020-08-18,20.5,1.9,,0,65,1008.8
2020-08-19,21.1,2.6,,0,75,1007.9
2020-08-20,19.6,2.6,,0,77,1009.1
2020-08-21,20,2.7,,5,94,1007.1
2020-08-22,18,4.8,,13.3,82,1000.6
2020-08-23,16.8,2.7,,4.4,76,999.5
2020-08-24,14.1,2.2,,2.5,62,1005.2
2020-08-25,12.5,2.3,,0,67,1005.2
2020-08-26,13.1,2.7,,0.9,75,1003.4
2020-08-27,12.2,1.9,,0,70,1009.6
2020-08-28,13.6,2.9,,0,68,1008.7
2020-08-29,14.3,3.1,,0,67,1007.2
2020-08-30,13.1,2.9,,0,70,1011.2
2020-08-31,12.5,2.3,,0,56,1018.7
2020-09-01,12,1.8,,0,60,1022.9
2020-09-02,13.4,1.7,,0,66,1021.1
2020-09-03,14.8,2.1,,0,77,1012.7
2020-09-04,15.1,3.2,,2.9,73,1005.5
2020-09-05,14.7,2.4,,0,74,1002.6
2020-09-06,11.9,2,,1.6,69,1006.5
2020-09-07,11.7,3.2,,0,74,1012
2020-09-08,13.4,2.7,,3.6,65,1006.7
2020-09-09,15.4,2.6,,4.2,75,1004.1
2020-09-10,11.8,2.5,,3.9,51,1011.6
2020-09-11,11.1,3.2,,0,76,1008.2
2020-09-12,12.3,3.5,,0.7,70,1002.8
2020-09-13,11.5,2.1,,0.1,76,1009.7
2020-09-14,13.1,1.5,,0,87,1016.5
2020-09-15,15.9,1.9,,0,90,1019
2020-09-16,14.9,5.2,,0,59,1019.2
2020-09-17,10.7,1.9,,0,57,1029.5
2020-09-18,10,1.9,,0.1,71,1023.7
2020-09-19,14.4,1.4,,0.1,67,1024.2
2020-09-20,12.8,1.5,,0,84,1019.3
2020-09-21,13.5,2.6,,0,83,1010.4
2020-09-22,14.3,3.2,,0,77,1004.4
2020-09-23,13.9,3.6,,0,96,998
2020-09-24,14.6,5.2,,11,82,993.3
2020-09-25,11.4,4.5,,13.4,76,1003.6
2020-09-26,9.8,8.4,,27.5,82,1006.7
2020-09-27,9.4,4,,2.5,84,1016
2020-09-28,11.9,2.6,,0,82,1015.7
2020-09-29,13.2,1.7,,0.8,96,1016
2020-09-30,12,1.4,,3.9,88,1016.3
2020-10-01,12.9,3.7,,0.3,81,1015.2
2020-10-02,11.6,5.6,,0.3,75,1015.2
2020-10-03,13.2,5.4,,0,77,1011.9
2020-10-04,12.9,6.6,,0.1,87,1000.7
2020-10-05,13,2.5,,20.8,86,1005.3
2020-10-06,12.2,3.9,,0.3,92,997.5
2020-10-07,11.1,1.5,,13.3,95,999.7
2020-10-08,11.1,2,,13.2,92,1002.2
2020-10-09,10,3,,3.6,73,1004.1
2020-10-10,9.5,2.5,,1.3,94,1008.6
2020-10-11,7.5,2.8,,26.9,78,1011.4
2020-10-12,7.9,1.6,,0,80,1013.1
2020-10-13,7.5,3.4,,0,70,1022.3
2020-10-14,6.8,3.7,,0,66,1029.5
2020-10-15,6.4,1.9,,0,70,1026.7
2020-10-16,7.9,2.6,,0,68,1026.1
2020-10-17,6.3,1.1,,0,81,1015.3
2020-10-18,5.2,3,,0,52,1010.9
2020-10-19,3.8,1.4,,0,71,1015.3
2020-10-20,3.6,3.1,,7.8,94,1009.7
2020-10-21,4.1,1.8,,24.3,98,999.6
2020-10-22,7.3,1.7,,11.5,95,994.9
2020-10-23,6.6,2,,7.9,82,1003
2020-10-24,4.5,1.8,,1.6,91,1002.1
2020-10-25,7.1,4.1,,5.2,95,994.5
2020-10-26,9.2,1.2,,12.1,95,997.9
2020-10-27,8.3,2.4,,26.2,96,995.2
2020-10-28,8.3,3.4,,20.1,87,994.5
2020-10-29,8.6,2,,2.6,89,1002.5
2020-10-30,5.1,1.9,,0,96,1012.3
2020-10-31,5.4,2.2,,6.5,93,1014.9
2020-11-01,7.9,4.5,,3.4,94,1000.5
2020-11-02,10.3,4.3,,14.4,88,986.3
2020-11-03,9.7,2.7,,0.4,81,1005.3
2020-11-04,6.5,1.6,,0,83,1014.4
2020-11-05,5.6,3.2,,0,68,1016.5
2020-11-06,11.4,1.7,,0,67,1023.2
2020-11-07,8.7,1.4,,0.1,91,1020
2020-11-08,4,1,,0.1,96,1024.5
2020-11-09,1.1,1.4,,0,96,1030
2020-11-10,3,0.9,,0,94,1031.1
2020-11-11,4.8,1.4,,0.6,98,1025.7
2020-11-12,5.9,1.7,,2.8,91,1020.3
2020-11-13,5.3,2.1,,0,92,1014.8
2020-11-14,6.3,1.9,,8.4,94,1009.9
2020-11-15,6.7,3,,7.1,95,1003.6
2020-11-16,10.1,3.8,,20.4,93,997.7
2020-11-17,7.9,2.1,,7.3,96,1003.8
2020-11-18,7.9,4.2,,3.5,94,1000.1
2020-11-19,10,5.6,,1.2,62,995.9
2020-11-20,1.7,1.7,,0.9,62,1020.9
2020-11-21,1.3,3.1,,8.4,87,1004.5
2020-11-22,5.6,4.4,,0.2,64,999.7
2020-11-23,5,2.3,,0,62,1009.7
2020-11-24,4.4,1.2,,0,90,1008
2020-11-25,6.5,3.5,,0,84,1005.9
2020-11-26,7,1.1,,0.3,79,1013.6
2020-11-27,1,1,,0,90,1022.6
2020-11-28,-2.3,0.7,,0,91,1029.5
2020-11-29,-1.4,1.3,,0,91,1028.7
2020-11-30,-2.5,0.9,,0,98,1013.7
2020-12-01,2.4,1.3,,9.7,93,1020.1
2020-12-02,0.4,2.3,,0,97,1018.2
2020-12-03,1.9,3,,3.1,88,1003.7
2020-12-04,1.5,3.3,,2.4,90,1001.3
2020-12-05,1.7,4.1,,0.2,90,1005.4
2020-12-06,2.8,3.6,,0.5,92,1010.2
2020-12-07,3.8,4.5,,2.5,92,1008.9
2020-12-08,4.5,3.8,,1.8,93,1012.7
2020-12-09,2.4,3,,8.1,93,1016.5
2020-12-10,2.2,3.3,,3.7,91,1014.9
2020-12-11,2,4.4,,1.8,88,1009.9
2020-12-12,1.1,5.1,,0.9,87,1010.8
2020-12-13,2.2,3.1,,0.2,90,1013
2020-12-14,2.7,2.4,,4,91,1009.7
2020-12-15,2.2,1.6,,10.2,97,1005.5
2020-12-16,2.1,1.4,,13.9,99,1013.6
2020-12-17,-0.2,2.8,,0.6,95,1011.6
2020-12-18,3.2,1.3,,11.5,98,1011.3
2020-12-19,4,3.3,,5.1,99,1010.4
2020-12-20,6.4,3.6,,6.8,95,1009.9
2020-12-21,6.7,2.3,,1,94,1009.5
2020-12-22,4.9,2.3,,1.2,94,1001.4
2020-12-23,3,1.4,,4,96,1005.1
2020-12-24,-0.2,2.4,,0,69,1012.7
2020-12-25,0.1,1.2,,0,62,1018.6
2020-12-26,-1.9,2.1,,0.1,93,1003.1
2020-12-27,2.1,4.6,,23.6,93,980.7
2020-12-28,1.9,3.4,,23.2,94,987.5
2020-12-29,1.6,5.3,,9.6,91,991.5
2020-12-30,2.3,5.1,,5.6,92,996.4
2020-12-31,1.2,2.4,,2.6,87,1001.3
2021-01-01,0.1,2.7,,0,88,1007.8
2021-01-02,0.6,3.1,,1,83,1017.6
2021-01-03,0.7,2.5,,0,78,1030.8
2021-01-04,-2.5,3.5,,0,72,1034.1
2021-01-05,-3.2,1.8,,0,83,1033.2
2021-01-06,-8.7,2.7,,0,84,1026.8
2021-01-07,-7.5,3.7,,0.3,76,1018.5
2021-01-08,-5.1,2.1,,0.4,71,1019.9
2021-01-09,-4.4,1,,0,81,1020.3
2021-01-10,-4.1,1.5,,0.8,89,1010.2
2021-01-11,-4.6,2.5,,0,87,998.3
2021-01-12,-7.2,1.3,,1.1,87,991.5
2021-01-13,-6.3,6.8,,1.6,72,1010.4
2021-01-14,-4.3,3.1,,0.7,71,1026.6
2021-01-15,-7.4,1.2,,0,80,1029
2021-01-16,-10.2,0.8,,0,85,1023.8
2021-01-17,-9.2,1,,0,87,1019
2021-01-18,-5.5,1.7,,0.9,94,1010.7
2021-01-19,-2.3,3.4,,2.9,91,1001.8
2021-01-20,-0.2,3.9,,2.6,91,992.5
2021-01-21,1.3,4.4,,13.4,93,977.9
2021-01-22,3.6,4.5,,17.1,90,972.7
2021-01-23,2.6,2.5,,3.7,86,986.6
2021-01-24,0.8,1.7,,0.2,91,996.2
2021-01-25,-0.7,2.2,,0.4,79,1001.9
2021-01-26,-7,1,,0,82,1009.1
2021-01-27,-8,0.8,,0,84,1008.7
2021-01-28,-8.1,1.3,,0,81,1006.4
2021-01-29,-9.7,1.5,,0,82,1004.9
2021-01-30,-11.7,1.3,,0,81,1001.4
2021-01-31,-10.6,0.9,,0,88,998.8
2021-02-01,-9.2,1,,0.2,83,1001.7
2021-02-02,-8.2,2.8,,0,76,1006.6
2021-02-03,-5.7,4.7,,0.2,68,1013.9
2021-02-04,-8.3,3.3,,0.1,62,1024.1
2021-02-05,-8.9,4.2,,0,64,1030
2021-02-06,-6.4,3.8,,0,62,1033
2021-02-07,-6.4,4.8,,0,63,1030.9
2021-02-08,-6.8,5,,0.1,60,1025.7
2021-02-09,-5,4.2,,0.1,56,1022.5
2021-02-10,-8.1,3.9,,0.1,67,1023.9
2021-02-11,-7.8,2.9,,0,51,1036.4
2021-02-12,-8.9,0.8,,0,54,1041.4
2021-02-13,-7.8,1.1,,0.1,60,1040.7
2021-02-14,-9.1,1.3,,0,67,1037.6
2021-02-15,-8.6,2.4,,0,84,1027.4
2021-02-16,-4.7,2.1,,4.3,91,1017.7
2021-02-17,-2.3,4.1,,2.7,86,1016.8
2021-02-18,-2.6,2.5,,5.1,90,1015.8
2021-02-19,-1.4,2.3,,4.5,95,1008.7
2021-02-20,1.2,2.5,,3.8,99,1010.2
2021-02-21,2.6,1.6,,3.8,99,1012.1
2021-02-22,2.6,1.6,,0.3,99,1017.6
2021-02-23,3.3,2,,0.3,99,1020.4
2021-02-24,2,2.8,,0.7,98,1014.1
2021-02-25,4.4,1.8,,0.4,99,1010.7
2021-02-26,2.6,2.1,,0,72,1018.9
2021-02-27,4.3,1.3,,0,79,1030.7
2021-02-28,2.2,1.4,,0,73,1030.4
2021-03-01,3.4,1.1,,0,80,1027.9
2021-03-02,3.3,1.4,,0,67,1029.5
2021-03-03,4,1.2,,0.2,97,1022.9
2021-03-04,-0.6,3.9,,0,42,1021.5
2021-03-05,1.3,1.8,,0,48,1024
2021-03-06,0.3,2.9,,0,63,1014.5
2021-03-07,3.4,4,,0,37,1016.9
2021-03-08,-0.4,1.9,,0,53,1022
2021-03-09,-0.3,1.6,,0,62,1017.9
2021-03-10,2,3,,1.8,72,1015.7
2021-03-11,-1.4,2.9,,12.9,95,984.4
2021-03-12,0.6,1.3,,12.3,88,983.1
2021-03-13,1.3,1.1,,0,88,987.7
2021-03-14,1.7,1.6,,0,85,993.1
2021-03-15,2.7,4.3,,0.2,59,1005.2
2021-03-16,3.8,2.6,,0,58,1018.4
2021-03-17,2.2,2.5,,0,48,1025.5
2021-03-18,1.7,2,,0,53,1023.4
2021-03-19,4.3,2.8,,0.1,61,1028.2
2021-03-20,0.1,1.5,,0,71,1012.3
2021-03-21,3.7,2.9,,0,40,1012.2
2021-03-22,4.6,2.1,,0,54,1013.1
2021-03-23,6.8,2.6,,0,68,1013.5
2021-03-24,6.1,2.3,,0,72,1008.5
2021-03-25,5.3,2.4,,0,73,1009.5
2021-03-26,4.6,3.2,,0,95,1009.7
2021-03-27,5.4,2.5,,0.8,91,1006.4
2021-03-28,2.2,2.1,,3,88,1009.8
2021-03-29,4.7,3.2,,2.8,83,1007.6
2021-03-30,8.3,2.8,,0,70,1013.2
2021-03-31,12.1,3,,0,75,1017.8
2021-04-01,4.4,2.1,,0,55,1021.3
2021-04-02,5.3,3.5,,0,48,1019.5
2021-04-03,4.7,2.1,,0,53,1022.6
2021-04-04,4.4,3.7,,0,68,999.2
2021-04-05,4.9,5.5,,0.8,38,985.7
2021-04-06,3.5,3.6,,0,42,990.6
2021-04-07,3.2,2.9,,0,51,1001.6
2021-04-08,3.7,3.4,,0.1,57,1003.3
2021-04-09,4.1,4.7,,1.4,55,990.6
2021-04-10,3.7,3.2,,0.1,43,1006.7
2021-04-11,3.6,3.5,,0,55,1016.2
2021-04-12,3.7,5,,6.2,87,1012.3
2021-04-13,1.8,3.6,,3.9,66,1019.9
2021-04-14,1.9,2.2,,0.5,51,1028.3
2021-04-15,6.2,3.4,,0,39,1034
2021-04-16,7.2,4.7,,0,45,1032.8
2021-04-17,8.9,3.9,,0,39,1031.4
2021-04-18,10.5,2.9,,0,34,1029.4
2021-04-19,11.2,2,,0,41,1026.6
2021-04-20,10.4,2.4,,0,48,1016.5
2021-04-21,10.6,5,,0,57,1005.3
2021-04-22,5.8,5.5,,0.7,33,1014.4
2021-04-23,6.3,4.7,,0,35,1021.8
2021-04-24,5.5,4.6,,0,37,1025.4
2021-04-25,4.5,4.4,,0,40,1026.1
2021-04-26,4.4,3.1,,0,42,1021.3
2021-04-27,5.2,3.6,,0,41,1017.1
2021-04-28,5.8,2.4,,0,39,1013.9
2021-04-29,6.7,3.8,,0,42,1013.4
2021-04-30,6.8,3.2,,0,36,1014
2021-05-01,7.5,2.3,,0,44,1014.8
2021-05-02,7.2,2.3,,0.1,58,1013.5
2021-05-03,8,2.1,,0,80,1008.3
2021-05-04,5.6,4.2,,4.6,76,999
2021-05-05,5.4,7.7,,3.1,80,994.8
2021-05-06,3.2,4.6,,5.9,43,999.4
2021-05-07,6.1,2.9,,0.6,44,1004.8
2021-05-08,6.6,3.3,,0.2,58,1008.6
2021-05-09,8.5,2.8,,0.6,88,1004.6
2021-05-10,6.6,2.9,,8.9,98,1004.1
2021-05-11,9.6,1.9,,12.8,85,1013
2021-05-12,10.7,2.7,,1.9,87,1008.5
2021-05-13,9.8,2.7,,16,75,1006.9
2021-05-14,15.5,3.7,,0.6,73,1004.6
2021-05-15,14.3,2.6,,1,85,1002.1
2021-05-16,9.9,2.7,,7.7,80,1003.2
2021-05-17,10.4,2.6,,0.4,90,1001.6
2021-05-18,8.4,2.3,,12.1,85,1005.4
2021-05-19,10.5,2.2,,0.5,74,1008
2021-05-20,11.9,2,,0.2,72,1007.5
2021-05-21,11.2,2.6,,0.1,70,1000.9
2021-05-22,11,2.1,,0.1,77,998.3
2021-05-23,10.9,3.5,,3,80,1003
2021-05-24,10.9,3.1,,2.6,77,1012.7
2021-05-25,10.7,5.4,,1.6,75,1014.5
2021-05-26,11.3,5.5,,4.9,83,1010.8
2021-05-27,10.2,3.8,,7.2,46,1013.8
2021-05-28,12.3,3.4,,0,41,1018.2
2021-05-29,18.4,2.7,,0.1,33,1023.6
2021-05-30,18,2.1,,0,48,1025
2021-05-31,18.6,1.3,,0,65,1021.1
2021-06-01,18.4,2.4,,0,50,1022.5
2021-06-02,19,2.6,,0,48,1028
2021-06-03,18.9,2.7,,0,42,1027.8
2021-06-04,18.4,2.4,,0,50,1025.2
2021-06-05,19.3,2.3,,0,50,1022.3
2021-06-06,20.4,2.4,,0,67,1020.2
2021-06-07,18.8,2.2,,0.2,81,1019.9
2021-06-08,17.3,2.2,,0,77,1018.7
2021-06-09,16.9,2.5,,0,76,1016.1
2021-06-10,17.5,2.3,,0.1,75,1014.4
2021-06-11,18.2,3.4,,0,84,1008.8
2021-06-12,16.5,3.8,,0.3,48,1005
2021-06-13,16.4,2.8,,0,47,1015
2021-06-14,17.7,4,,0.8,76,1007.8
2021-06-15,13.5,3.5,,9.4,46,1011.6
2021-06-16,16.2,3.3,,0.1,62,1014.9
2021-06-17,15.6,2.4,,0,70,1014.8
2021-06-18,19.1,2.5,,28.5,82,1012.2
2021-06-19,19.2,2.9,,0.9,86,1010.7
2021-06-20,16.9,2.9,,2.6,88,1007.8
2021-06-21,15.7,2.2,,11.4,91,1006.5
2021-06-22,14.4,3.4,,7.7,79,1013.4
2021-06-23,14.4,2.4,,0.1,66,1017.2
2021-06-24,18.4,3,,0,70,1016.4
2021-06-25,16.8,2.1,,0,71,1014.8
2021-06-26,16.4,2.3,,0,72,1015.9
2021-06-27,19.3,2.3,,0.1,87,1014.4
2021-06-28,15.8,2,,0,82,1013.2
2021-06-29,16.6,3,,0,74,1011.1
2021-06-30,17.2,4.5,,0.1,52,1015.1
2021-07-01,18.2,3.4,,0,48,1017.2
2021-07-02,20.6,2.4,,0.4,42,1016.1
2021-07-03,21.9,2.1,,0.2,43,1013.7
2021-07-04,24.2,2.2,,0,70,1012.4
2021-07-05,19.9,2.7,,12.6,72,1009.7
2021-07-06,20.6,2.7,,1.3,77,1007.3
2021-07-07,18.5,4.3,,14.5,76,1011.8
2021-07-08,18,3.2,,1.1,73,1020
2021-07-09,17.7,2.1,,0.3,74,1020.9
2021-07-10,19.2,2.8,,5,87,1011.3
2021-07-11,15.9,2.8,,7.7,79,1013.6
2021-07-12,18.8,1.9,,0,68,1018.1
2021-07-13,18.9,2,,0,54,1016.4
2021-07-14,23.5,2.9,,0,74,1012.9
2021-07-15,20.9,2.4,,2.1,63,1012.3
2021-07-16,23.5,3,,0.1,54,1018.9
2021-07-17,21.6,2.7,,0,51,1015.2
2021-07-18,21.7,3.1,,0,44,1012.5
2021-07-19,17.8,3,,0,55,1015.3
2021-07-20,18.6,2.8,,0,47,1012
2021-07-21,19.5,3.2,,0,50,1019.2
2021-07-22,18.9,2.3,,0,65,1015.6
2021-07-23,21.2,2.1,,0,52,1017.2
2021-07-24,20.5,2,,0,55,1016.3
2021-07-25,22.4,2.2,,0,50,1015.7
2021-07-26,23.8,3.4,,0,57,1015.2
2021-07-27,21.4,2.8,,9.5,91,1011
2021-07-28,18.1,2,,39,89,1005.2
2021-07-29,17.9,1.9,,17,93,997.7
2021-07-30,14.5,1.9,,15.5,72,993.5
2021-07-31,20.6,2.8,,0.4,81,994.8
2021-08-01,16.3,4.6,,0.2,74,997.9
2021-08-02,14.5,3.9,,2.2,51,1005.7
2021-08-03,14.7,2.6,,0.1,57,1010.5
2021-08-04,14.7,2.4,,0,70,1013.1
2021-08-05,16.3,2.1,,0.2,68,1013.4
2021-08-06,16.7,3,,0,64,1011
2021-08-07,17.7,4,,1,63,1006.7
2021-08-08,16.3,1.9,,0.1,69,1003.6
2021-08-09,18.1,2.6,,0,79,1009
2021-08-10,17.6,2.6,,4.1,73,1011.2
2021-08-11,17.3,1.9,,0,77,1013.3
2021-08-12,17.7,2.4,,0,80,1016
2021-08-13,18.3,3.4,,0,83,1011.8
2021-08-14,15.3,2.9,,2.8,77,1003.9
2021-08-15,15.3,2.2,,0.9,69,1001.9
2021-08-16,15.5,3.1,,0.9,74,1002.2
2021-08-17,15.9,4.7,,0.2,63,1002.7
2021-08-18,16.6,2.6,,0.1,64,996
2021-08-19,15.1,1.8,,0.6,61,999.9
2021-08-20,14.4,1.8,,0.3,61,1008.7
2021-08-21,14.7,2.3,,0,64,1016.9
2021-08-22,15.3,2.5,,0.1,65,1021
2021-08-23,14.9,1.6,,0,64,1026
2021-08-24,17.3,1.6,,0,80,1024
2021-08-25,17.5,5.2,,0.2,50,1011.9
2021-08-26,16.7,7.1,,0,55,1018.3
2021-08-27,14.7,5.6,,0.1,61,1025.2
2021-08-28,15.7,3.6,,0,58,1024.7
2021-08-29,16.9,2.2,,0,58,1023
2021-08-30,18.7,1.6,,0,57,1023.4
2021-08-31,18.4,2.6,,0,52,1023.6
2021-09-01,18.2,2.6,,0,54,1024.5
2021-09-02,17.4,2.3,,0,52,1021.5
2021-09-03,17.8,2.8,,0,55,1018.8
2021-09-04,13.6,2.7,,0.2,57,1023.4
2021-09-05,12,1.9,,0,73,1023.6
2021-09-06,14.1,1.6,,0.1,81,1020.9
2021-09-07,14.7,1.2,,0,82,1017.5
2021-09-08,16.2,1.6,,0,74,1012.9
2021-09-09,18.4,1.4,,0,80,1011.3
2021-09-10,17.8,1.4,,0,76,1011.9
2021-09-11,17.4,1.9,,0,91,1009
2021-09-12,16.2,2.2,,9.2,83,1006.8
2021-09-13,14,1.8,,2,64,1016.3
2021-09-14,12.5,2.2,,0,73,1017.3
2021-09-15,12.9,2.8,,0,72,1018.4
2021-09-16,14,3.6,,2.8,76,1018
2021-09-17,10.5,3.8,,0.2,69,1021.6
2021-09-18,9.8,2,,0,69,1025
2021-09-19,10.5,1.5,,0,65,1026.7
2021-09-20,10.1,2.2,,0,67,1026.3
2021-09-21,9.4,2,,3.6,78,1019.8
2021-09-22,11.1,2.1,,0,81,1014
2021-09-23,14,2.3,,2.9,81,995.5
2021-09-24,9.3,2.2,,0.1,81,998.4
2021-09-25,9.3,2.2,,0.6,60,1007.1
2021-09-26,11.8,1.6,,0,85,1019
2021-09-27,12.4,3.3,,0.1,87,1018.1
2021-09-28,12.7,2.4,,18.4,83,1018.9
2021-09-29,12.7,3.2,,0,88,1019.8
2021-09-30,11.8,3.6,,13.8,91,1015.2
2021-10-01,10.5,3.8,,10.5,95,1007.3
2021-10-02,12.1,2.1,,36.4,90,1007.2
2021-10-03,12,3.7,,7.3,94,998.1
2021-10-04,11.9,3.2,,30.4,89,1007.9
2021-10-05,12.1,2.1,,9.7,92,1012.2
2021-10-06,11.7,3.3,,2.4,87,1012.1
2021-10-07,10.2,1.1,,0,92,1024.9
2021-10-08,11.5,2.7,,0,96,1030.6
2021-10-09,12.9,2.8,,6.6,91,1030
2021-10-10,12.1,1.9,,0,93,1019.1
2021-10-11,8.3,2.3,,4.1,79,1010.6
2021-10-12,6.4,2.7,,0,63,1014.3
2021-10-13,6.1,1.7,,0,76,1015.5
2021-10-14,6,2.5,,0.2,79,1002.3
2021-10-15,9.5,3.1,,0,56,1000.5
2021-10-16,6.5,2.8,,0,61,1006.3
2021-10-17,6.2,1.7,,0,66,1014.3
2021-10-18,2.9,1.2,,0,70,1022.9
2021-10-19,3.6,2.2,,8.6,95,1011.2
2021-10-20,3,2.3,,6.9,94,983.6
2021-10-21,8.1,3.4,,0,61,978.8
2021-10-22,6.3,3.2,,0,48,991.6
2021-10-23,6.1,2,,0,64,1016.6
2021-10-24,5.7,2.7,,0,80,1016.1
2021-10-25,9.8,3.3,,0,91,1008.9
2021-10-26,9.4,2,,0.8,86,1006.7
2021-10-27,6.7,1.5,,8.2,94,1003.2
2021-10-28,10.1,4.3,,0.6,93,1005.8
2021-10-29,11.8,3.5,,0.5,91,1005.5
2021-10-30,10.8,3.3,,0.5,85,1003.6
2021-10-31,10.6,2.6,,9.6,89,1001.1
2021-11-01,9.5,4.3,,10.7,89,994.3
2021-11-02,10.4,3.1,,2.6,84,999.1
2021-11-03,8.5,1.2,,0.1,90,1001.5
2021-11-04,6.1,1.2,,0.1,93,1007.9
2021-11-05,2.6,1.1,,0,96,1006.7
2021-11-06,1.3,1.9,,0,85,1006.2
2021-11-07,3.9,4.9,,10,85,1001
2021-11-08,3.1,2.3,,1.2,84,1019.7
2021-11-09,2.7,2.9,,2.4,95,1013.3
2021-11-10,7.8,1.7,,4.9,87,1013
2021-11-11,4,2.8,,0,72,1011.3
2021-11-12,4.8,2.6,,0,77,1017.4
2021-11-13,3.4,3.7,,0.4,79,1022.4
2021-11-14,3,2,,0,91,1033.2
2021-11-15,0.8,1.7,,0.3,95,1029.3
2021-11-16,5.4,3.4,,0,90,1018.4
2021-11-17,7.8,3.1,,0.8,90,1005.2
2021-11-18,3.3,1.2,,6.1,92,1005.8
2021-11-19,3.2,2.7,,0.2,68,1001.4
2021-11-20,8.5,2.6,,0,63,1005.3
2021-11-21,4.5,3.1,,0,61,1011.7
2021-11-22,0.1,1,,0,84,1016.4
2021-11-23,-0.6,0.8,,0,88,1016.2
2021-11-24,1.4,1.2,,0,87,1007.4
2021-11-25,3,1.7,,0,75,999.7
2021-11-26,-0.9,2.5,,0,76,997
2021-11-27,-2.4,5,,0,75,1003.8
2021-11-28,-3.1,5,,0,67,1006
2021-11-29,-3.8,1.3,,0,83,1007.1
2021-11-30,-5.7,2.5,,3.7,85,996.4
2021-12-01,-7.8,1.4,,0.6,85,995.2
2021-12-02,-7.7,1.5,,0,83,995.6
2021-12-03,-6.9,3.2,,0,80,1001
2021-12-04,-7.9,3.7,,1,78,1007.3
2021-12-05,-5.3,3.7,,0,71,1022.1
2021-12-06,-7.5,2.9,,0,78,1022.1
2021-12-07,-9.7,3.9,,0.1,77,1016.1
2021-12-08,-8.1,4.7,,0.9,82,1011.8
2021-12-09,-3,3.3,,2,87,1010.6
2021-12-10,-0.9,4.5,,3.4,86,1005.2
2021-12-11,0,2.4,,1.7,90,1011.3
2021-12-12,1.2,1.5,,0.2,97,1016.7
2021-12-13,1,1.3,,5.5,99,1016.9
2021-12-14,2.2,1.4,,2,99,1013.8
2021-12-15,1.7,1.4,,0,98,1011.3
2021-12-16,3.4,3.2,,0,68,1024.1
2021-12-17,2.6,1,,0,88,1033.3
2021-12-18,0.4,1.4,,0.1,85,1025.6
2021-12-19,2.5,3.3,,0,52,1021.8
2021-12-20,3.8,3.2,,0,60,1027.3
2021-12-21,-1.3,1.1,,0,89,1024.9
2021-12-22,-2.6,0.9,,3.3,94,1021.9
2021-12-23,-1.8,1.5,,0.8,87,1006.9
2021-12-24,-5.4,2.5,,0,56,1004.9
2021-12-25,-8.7,2,,0,65,1007.9
2021-12-26,-4.8,1,,0,82,1011.1
2021-12-27,-7.7,1.7,,0,88,1011.4
2021-12-28,-7,3.1,,3.5,84,1003.2
2021-12-29,-5.4,1.2,,4.6,87,1004.5
2021-12-30,-4.6,1.6,,3.7,98,996.3
2021-12-31,0.1,1.2,,0.1,99,1001.1
2022-01-01,-2.2,1.3,,0,97,1015.1
2022-01-02,-1.5,1.1,,7.6,99,998.5
2022-01-03,0.1,1.4,,0.1,95,987.3
2022-01-04,0.3,1.7,,0.6,90,981.5
2022-01-05,-2.9,3,,0,72,991.9
2022-01-06,-2.4,1.8,,0,77,1010.1
2022-01-07,-6.5,4.3,,0.5,87,1003.6
2022-01-08,-3.6,3.2,,8.2,84,1000.3
2022-01-09,-2.6,4.7,,0.7,83,1006
2022-01-10,-1.1,2.3,,0,84,1026.7
2022-01-11,-0.7,2.6,,0.9,97,1026
2022-01-12,1.3,1.6,,2.9,98,1020.7
2022-01-13,1.1,2.7,,0,79,1011.1
2022-01-14,6.5,4.4,,0,47,1018.2
2022-01-15,1.2,1.1,,0,73,1020.8
2022-01-16,-3,2.9,,0,77,1001.5
2022-01-17,1.2,3.7,,0.3,46,1014.9
2022-01-18,-0.9,1,,0,81,1023.2
2022-01-19,-1.6,3.3,,0,79,1001.6
2022-01-20,1.3,5.2,,0.8,42,1012
2022-01-21,-1.6,1,,0,65,1020.4
2022-01-22,0.3,1.1,,0,78,1023.9
2022-01-23,0.4,1.1,,0,99,1024.5
2022-01-24,-0.9,1.3,,0,97,1020.4
2022-01-25,-0.9,1.3,,0,82,1022.9
2022-01-26,-0.1,2.3,,0,75,1008.2
2022-01-27,3.4,3.9,,0,69,994.3
2022-01-28,4.5,2.6,,0,57,1016.3
2022-01-29,1.6,3.7,,1.1,77,985.4
2022-01-30,5.2,5.2,,0,43,1005.2
2022-01-31,0.2,1.4,,0,72,1007.3
2022-02-01,-4.6,2,,0,85,996.6
2022-02-02,-4.9,2.1,,7.7,86,1004.9
2022-02-03,-6.6,2.1,,0,88,1006.5
2022-02-04,-3.2,2.2,,7.3,91,990.3
2022-02-05,-0.1,2.4,,1.1,82,989.8
2022-02-06,1.6,3.1,,0,72,980
2022-02-07,-1.3,1.4,,0,63,999
2022-02-08,2.4,2.2,,0,69,1001.7
2022-02-09,2.4,3.9,,0,67,1001.2
2022-02-10,2.1,2.7,,0,64,1003.1
2022-02-11,-0.4,2.4,,0,53,1015.9
2022-02-12,-0.6,3.8,,0,80,1011
2022-02-13,3.6,4.2,,0,91,997
2022-02-14,4.5,3.6,,10.3,95,992.2
2022-02-15,2.1,3,,26.6,86,990.2
2022-02-16,1.4,1.8,,7.8,92,980.8
2022-02-17,1.7,2.6,,0.1,77,977.3
2022-02-18,0.1,2.7,,0,72,983.2
2022-02-19,1.2,2.1,,0,63,988
2022-02-20,-1.8,2.1,,0,75,988.8
2022-02-21,-0.5,5,,1.4,73,982
2022-02-22,-0.7,2.2,,0.2,70,1002.7
2022-02-23,-1.9,3.7,,2.7,86,1000.5
2022-02-24,2.9,3.2,,2.3,83,992.1
2022-02-25,0.6,2.2,,0,71,1003.6
2022-02-26,0.3,2.3,,0,74,1029.2
2022-02-27,1.5,3.2,,0,86,1032.5
2022-02-28,2.7,3.4,,0,86,1029.5
2022-03-01,2.9,3,,0.6,81,1024.4
2022-03-02,2.7,2.2,,0,62,1024.5
2022-03-03,3.9,1.7,,0,60,1026.5
2022-03-04,0.7,1.4,,0,74,1027.2
2022-03-05,-0.1,1.3,,0,76,1024.4
2022-03-06,-0.2,1.5,,0,60,1025.6
2022-03-07,2.6,1.3,,0,64,1024.3
2022-03-08,1.7,1.2,,0,84,1024.2
2022-03-09,-0.8,1.5,,0,92,1027.8
2022-03-10,-1.9,2.3,,0.1,90,1030.9
2022-03-11,1.6,1.9,,0.2,81,1030.1
2022-03-12,0.8,2.7,,0,65,1026.3
2022-03-13,1.4,2.6,,0,53,1026.1
2022-03-14,3.2,2.3,,0,45,1027.3
2022-03-15,2.8,1.4,,0,61,1024.8
2022-03-16,2.8,1.7,,0,92,1029.2
2022-03-17,2.6,2.6,,0,90,1026.1
2022-03-18,2.3,2.3,,2.4,70,1036.9
2022-03-19,3.7,1.4,,0,66,1047.5
2022-03-20,3.8,1.6,,0,62,1043.7
2022-03-21,3.4,1.8,,0,57,1037.5
2022-03-22,4.4,2.3,,0,61,1032.4
2022-03-23,3.3,1.4,,0,69,1031.7
2022-03-24,4.5,1.1,,0,92,1025.6
2022-03-25,3.7,3.1,,0,63,1019.2
2022-03-26,9.6,3.3,,0,40,1026.9
2022-03-27,6.5,2.8,,0,55,1021.7
2022-03-28,9,4.9,,0,39,1009.5
2022-03-29,5.2,2.5,,0,55,1009.6
2022-03-30,-0.3,2.8,,0.2,39,1010.6
2022-03-31,0.6,3.1,,0.1,48,1012.6
2022-04-01,0.5,1.8,,0,49,1018.3
2022-04-02,-0.1,2,,0,50,1017.8
2022-04-03,2.5,2.5,,0,53,1006.1
2022-04-04,4.9,4,,0.9,74,986.5
2022-04-05,0.4,2.6,,3.5,41,991.5
2022-04-06,1.3,1.7,,0,44,989.3
2022-04-07,1.5,5.5,,0,46,979.8
2022-04-08,2.2,5.4,,0,38,980.1
2022-04-09,2.1,4.1,,0,38,986.6
2022-04-10,5.7,3.8,,0,37,999.9
2022-04-11,7.2,2.8,,0.3,38,1013
2022-04-12,5.1,1.8,,0.1,42,1020.5
2022-04-13,6.7,2.8,,0,76,1019.4
2022-04-14,3.8,3.5,,4.8,80,1018.9
2022-04-15,5,2,,0,57,1030.7
2022-04-16,7.1,2,,0,63,1033.2
2022-04-17,7.2,1.9,,0,78,1028.4
2022-04-18,6.6,1.4,,0,71,1022.1
2022-04-19,6.3,1.9,,0,54,1020.9
2022-04-20,10.5,2.2,,0,47,1023.5
2022-04-21,13.9,3.6,,0,47,1024.4
2022-04-22,13.4,4.7,,0,39,1022.2
2022-04-23,14,4.2,,0,45,1021.9
2022-04-24,9.2,3.7,,0,42,1018.9
2022-04-25,7.6,3,,0,47,1014
2022-04-26,11.4,4.4,,0,42,1019.7
2022-04-27,7,2.7,,0,53,1026.1
2022-04-28,4.4,2.4,,0.1,55,1025.2
2022-04-29,8.4,2.4,,0,41,1027.4
2022-04-30,9.1,2.3,,0,44,1024
2022-05-01,9.3,2.3,,0,45,1021.1
2022-05-02,10.2,3.5,,0,44,1012.1
2022-05-03,9.7,2.7,,0,43,1016.9
2022-05-04,8,3,,0,51,1015.8
2022-05-05,9.1,2.5,,0,53,1013.5
2022-05-06,11.8,2.6,,0,63,1014.5
2022-05-07,12.8,3.4,,0.9,44,1016.6
2022-05-08,9.9,2.3,,0,36,1027.5
2022-05-09,9.9,3.4,,0,57,1023.5
2022-05-10,11.9,3.9,,0.3,88,1006.2
2022-05-11,9,3.2,,2.8,84,998.9
2022-05-12,9.8,4.2,,0.4,54,999.8
2022-05-13,11.6,3.2,,0,67,1002.8
2022-05-14,10.6,4,,1.2,49,1007.4
2022-05-15,11.7,2.8,,0,52,1018.3
2022-05-16,12.6,3.3,,0,39,1023.5
2022-05-17,11.6,2.7,,0,39,1025.4
2022-05-18,11.6,2.4,,0,71,1022.5
2022-05-19,11.7,1.5,,1.8,81,1016.2
2022-05-20,13.4,2.9,,0,75,1012.2
2022-05-21,14.6,1.9,,6.1,89,1010.5
2022-05-22,10.4,2.1,,2,76,1012
2022-05-23,13.2,3.2,,0,70,1008.5
2022-05-24,14.2,3.1,,0,78,1002
2022-05-25,12.4,3.9,,6.5,78,1002.4
2022-05-26,12.1,2.8,,19.1,72,999.8
2022-05-27,11.5,3.3,,1.8,66,1000.9
2022-05-28,11,5,,0.5,44,1005.8
2022-05-29,12.6,2.5,,0,56,1007.9
2022-05-30,10.7,2.6,,2.6,77,1012.1
2022-05-31,12.4,2.8,,4.6,69,1012.3
2022-06-01,14.1,2.5,,0,81,1008.2
2022-06-02,12.6,2.1,,0.5,80,1010
2022-06-03,12.3,1.9,,0.2,79,1014.4
2022-06-04,13.3,2.4,,5.4,70,1019.3
2022-06-05,15.7,1.8,,0,51,1017.9
2022-06-06,17.3,2.3,,0,54,1014.9
2022-06-07,19,2.6,,0.1,72,1009.8
2022-06-08,15.9,1.6,,14.2,84,1003
2022-06-09,14.5,1.8,,4.6,83,1009.9
2022-06-10,15.1,3.1,,0,82,1013.3
2022-06-11,15.6,3.1,,0,82,1012.3
2022-06-12,14,3.7,,9.3,78,1008.6
2022-06-13,14.2,2.3,,0,64,1007.4
2022-06-14,14.9,2.1,,1.1,50,1012.6
2022-06-15,18,2.1,,0,59,1014.9
2022-06-16,17.1,1.6,,0,77,1015.7
2022-06-17,16.5,2.9,,3.8,79,1014.1
2022-06-18,16.5,4,,7.6,55,1005.6
2022-06-19,14.9,2.5,,0.1,56,1007.6
2022-06-20,14.7,2.6,,0,55,1009.1
2022-06-21,17.6,1.8,,0,67,1006.2
2022-06-22,17.1,2.8,,0.2,69,1006.6
2022-06-23,17.7,3.5,,0,70,1009.6
2022-06-24,18.9,2.2,,0,67,1011.4
2022-06-25,21.5,2.5,,0.2,60,1011.8
2022-06-26,22.5,1.8,,2.4,86,1015.7
2022-06-27,18.9,1.7,,10.8,93,1015.4
2022-06-28,18.7,2.7,,25.6,83,1014.7
2022-06-29,17.2,2.3,,2.3,69,1018.8
2022-06-30,18.3,1.9,,0.6,58,1016
2022-07-01,23,2.5,,0.1,79,1011.7
2022-07-02,20,4,,28.8,78,1012.6
2022-07-03,17.5,3.7,,0.4,81,1014.3
2022-07-04,15.7,3.3,,3.6,76,1008.3
2022-07-05,15.1,2.9,,0.8,63,1008.7
2022-07-06,16.1,2.8,,0.1,62,1010.5
2022-07-07,15,3,,10.4,58,1011.8
2022-07-08,18.2,3.3,,0.1,48,1016.1
2022-07-09,18,4,,0,47,1012.4
2022-07-10,16.2,3.2,,0,49,1016.1
2022-07-11,17.3,2.3,,0.1,55,1019.1
2022-07-12,17.3,2.5,,0,76,1017.1
2022-07-13,18.7,3.3,,0,64,1007.4
2022-07-14,16.7,2.7,,2.2,54,1006.9
2022-07-15,15,3,,0,51,1009
2022-07-16,16,2.4,,0.5,56,1013
2022-07-17,16.7,2.5,,0,57,1017.1
2022-07-18,16.7,1.8,,1.2,78,1014.6
2022-07-19,17.7,2.2,,0,58,1016.8
2022-07-20,19.8,2.5,,0,65,1015.7
2022-07-21,22.1,1.5,,0.1,78,1011.9
2022-07-22,21.7,3.7,,0,77,1013.8
2022-07-23,14.9,2.3,,6.6,71,1013.6
2022-07-24,17.6,3.1,,0,86,1011
2022-07-25,16.7,4,,1.9,93,1001.7
2022-07-26,16.4,2.9,,1.1,66,998.6
2022-07-27,17.9,2.9,,0,46,1009.9
2022-07-28,17.4,2.7,,0,51,1018.9
2022-07-29,17.3,2.6,,0.5,61,1020.9
2022-07-30,18,2.9,,0,67,1017.5
2022-07-31,18.5,2.3,,0,80,1012.3
2022-08-01,17.2,2.2,,9.4,75,1009.5
2022-08-02,16.3,2.7,,0.8,81,1010.7
2022-08-03,14.9,4,,15,87,1005.9
2022-08-04,17.6,2.4,,0,87,1009.6
2022-08-05,16.1,2.3,,1.7,61,1009.6
2022-08-06,16.3,2.6,,0,51,1013.9
2022-08-07,15.2,1.8,,0,63,1018.4
2022-08-08,15.7,2.2,,0,74,1022.2
2022-08-09,16.8,2.3,,0,82,1026.3
2022-08-10,16.9,2.7,,0,77,1022.4
2022-08-11,19.4,2.3,,0,71,1020.2
2022-08-12,20,1.8,,0,67,1020.8
2022-08-13,20.4,1.8,,0.1,67,1019
2022-08-14,19.3,2,,0,61,1014.9
2022-08-15,22.4,2.7,,0,72,1009.6
2022-08-16,21.7,2.4,,27.6,94,1006.6
2022-08-17,19.7,3,,23.7,83,1008.5
2022-08-18,18.9,2.1,,0.2,88,1013.2
2022-08-19,17,1.9,,1.8,78,1011.6
2022-08-20,17.9,2.6,,0,70,1008.8
2022-08-21,17.7,2.6,,0,83,1009
2022-08-22,13.3,2,,2.8,72,1016.3
2022-08-23,14.8,1.9,,0,72,1021.6
2022-08-24,15.5,1.4,,0,71,1023.9
2022-08-25,17.6,2.1,,0,65,1022.7
2022-08-26,19.9,2.3,,0,80,1016.8
2022-08-27,17.6,1.5,,2.4,84,1014.2
2022-08-28,18,2.9,,0,71,1018.5
2022-08-29,15.9,3.2,,0,59,1024.2
2022-08-30,14.6,2.9,,0,63,1027.5
2022-08-31,12.6,1.6,,0,65,1028.1
2022-09-01,14.5,1.9,,0,61,1025.5
2022-09-02,13.8,1.7,,0,73,1023.8
2022-09-03,13.6,2,,2.6,85,1023.9
2022-09-04,12.5,2,,1.8,90,1028.6
2022-09-05,12.1,1.9,,0,74,1030.5
2022-09-06,13.7,2,,0.1,77,1025
2022-09-07,14.2,1.9,,0,70,1020.6
2022-09-08,15.3,2.9,,0,67,1022
2022-09-09,13.1,4,,0,66,1019.1
2022-09-10,13,2.6,,0,85,1018.1
2022-09-11,12.1,1.5,,0,84,1016.9
2022-09-12,14,2.3,,0,93,1009.8
2022-09-13,14.2,2.7,,25.6,88,993.1
2022-09-14,12,1.6,,0.3,83,993.6
2022-09-15,11.8,2.1,,0.4,65,991.7
2022-09-16,13.7,4.1,,0.1,57,995.5
2022-09-17,12.7,2.8,,0,60,1000.1
2022-09-18,13,4,,0,59,1005.2
2022-09-19,12.3,4.6,,0,54,1013.2
2022-09-20,10.4,2.1,,0,64,1020.8
2022-09-21,8.6,1.6,,0,81,1023.4
2022-09-22,9.9,1.8,,0,90,1018.9
2022-09-23,12.3,2.6,,2,97,1011.8
2022-09-24,11.1,1.8,,15.7,88,1012.6
2022-09-25,9.7,2.3,,0,84,1007.3
2022-09-26,10.8,3,,3.6,94,993.7
2022-09-27,10.3,4,,10.9,89,996.7
2022-09-28,11.2,4.7,,0.1,79,1004
2022-09-29,11,3.7,,0,75,1008.1
2022-09-30,8,1.6,,0,82,1006.7
2022-10-01,10.1,2.5,,1.2,92,999
2022-10-02,10.1,2,,4.1,91,1006
2022-10-03,8.7,1.6,,0.3,81,1015.9
2022-10-04,9.1,2.4,,0.1,93,1010
2022-10-05,11.7,3.2,,0.2,96,997.6
2022-10-06,11.8,3.9,,5.8,76,1003.2
2022-10-07,11.1,4.1,,0.1,86,1002.7
2022-10-08,10.3,2.2,,0.6,72,1005.3
2022-10-09,8,3.2,,0,78,1014.5
2022-10-10,11.3,4,,0,88,1006.6
2022-10-11,7.6,2.8,,1.3,72,1012.2
2022-10-12,6.1,2.1,,0,84,1017.5
2022-10-13,9.7,2.7,,3.5,97,1010.8
2022-10-14,10.1,2.8,,14.4,90,1006.6
2022-10-15,9.5,3,,6.6,84,999.6
2022-10-16,8.8,1.9,,8,98,1001.2
2022-10-17,5.9,2.1,,8.1,95,1015.8
2022-10-18,6.5,2.4,,5.3,87,1018.8
2022-10-19,5.5,1.7,,0,86,1027.2
2022-10-20,3.3,1.4,,0,93,1022
2022-10-21,4.4,3.6,,0,87,1016
2022-10-22,4.5,1.5,,0,87,1011.4
2022-10-23,3.9,2.2,,0,92,1011.8
2022-10-24,4.6,4.9,,0.1,94,1006.9
2022-10-25,7.4,2.9,,10.6,94,1002.9
2022-10-26,6.5,1.4,,1.3,100,1012.2
2022-10-27,6.3,1.1,,1.6,98,1013.9
2022-10-28,10.2,1.5,,0.3,100,1010.7
2022-10-29,11,2.1,,8.2,85,1008.2
2022-10-30,7.8,1.2,,0,94,1015
2022-10-31,7.2,1.1,,1.2,97,1014.8
2022-11-01,9.3,2.5,,0.1,96,1010.5
2022-11-02,10.6,2.9,,7,96,1005.2
2022-11-03,8.4,3.4,,5.5,96,1005.3
2022-11-04,9.8,3.2,,6.4,88,1004.1
2022-11-05,9,2.4,,6.4,95,1001.9
2022-11-06,6.8,1.7,,6.1,97,1001.8
2022-11-07,7.5,2.5,,13.9,95,997.1
2022-11-08,5.5,2.2,,6.7,98,1000.4
2022-11-09,7.1,2.1,,10.1,96,996.8
2022-11-10,8.6,1.9,,0.6,97,1004.5
2022-11-11,9.7,4.2,,1.6,88,1006.1
2022-11-12,12.2,2.1,,0,78,1022.5
2022-11-13,8.7,1,,0,93,1028.9
2022-11-14,7.2,1.7,,0,93,1023.6
2022-11-15,5.9,4.3,,0,83,1020.3
2022-11-16,3.9,4.6,,0,83,1020.2
2022-11-17,2.1,4.1,,0.2,76,1018.1
2022-11-18,1.1,4.8,,0,74,1022.1
2022-11-19,0.5,5,,0,70,1023.5
2022-11-20,-1.6,5.8,,0,69,1015.6
2022-11-21,-1,6.9,,0.3,71,1007
2022-11-22,-0.7,4.2,,1.3,84,1007.6
2022-11-23,0.4,4.1,,2.4,89,1009.1
2022-11-24,1.4,3.6,,3.7,91,1012.4
2022-11-25,2,3.3,,3,92,1018.7
2022-11-26,2.5,2.9,,0.3,94,1024.6
2022-11-27,3.2,2.9,,6.1,95,1022.5
2022-11-28,4.4,3.7,,1.1,91,1022.6
2022-11-29,3.5,3.4,,0.3,88,1028.2
2022-11-30,2.2,1.6,,0.3,91,1032.5
2022-12-01,1.7,2.3,,0,83,1036
2022-12-02,0.4,2.7,,0,83,1037.8
2022-12-03,1.6,3.5,,0,76,1036.6
2022-12-04,-0.1,2.2,,0,73,1035.1
2022-12-05,-1.9,1.9,,0,79,1028.8
2022-12-06,-5,1.1,,0,86,1016
2022-12-07,-2.8,1.6,,0.1,76,1008.7
2022-12-08,-6.3,3.5,,0,81,1001.9
2022-12-09,-5.1,3.4,,0.5,70,1009
2022-12-10,-5.8,2.3,,0,71,1014.7
2022-12-11,-7.9,2.5,,0,80,1016.5
2022-12-12,-8.3,3.5,,0.2,72,1017.6
2022-12-13,-7.5,1.8,,0,82,1007.6
2022-12-14,-9,1.6,,4.2,81,999.9
2022-12-15,-11.7,1,,0,87,1006.5
2022-12-16,-10.9,1,,0,88,1014.2
2022-12-17,-7.9,1.4,,2.4,92,1013.7
2022-12-18,-3.3,1.6,,3,94,1017.7
2022-12-19,-2.1,2,,0.4,92,1014.1
2022-12-20,-1,1.6,,3.9,98,1000.7
2022-12-21,0.7,1.2,,7.4,100,998.1
2022-12-22,1,2.1,,8.1,94,993.2
2022-12-23,0.1,1.4,,4.8,84,1002.7
2022-12-24,-7.3,1.4,,0,87,1012.5
2022-12-25,-10.9,2.5,,0,91,1011.7
2022-12-26,-1.9,2.1,,12.8,98,998.9
2022-12-27,1.7,1.5,,19.6,89,1002.2
2022-12-28,-3.1,4.2,,0,80,1004
2022-12-29,-3.2,3,,3.3,94,986.8
2022-12-30,1.7,2.6,,7.6,96,991.2
2022-12-31,3.1,3.6,,7.2,80,987.1
2023-01-01,1.1,2.5,,0,69,1005.7
2023-01-02,-2.7,1.6,,0.6,83,1010.8
2023-01-03,-5.8,1.3,,0,85,1019.6
2023-01-04,-7.9,7.1,,0.9,87,1008.7
2023-01-05,-3.9,5.4,,19.8,81,1015.3
2023-01-06,-4.1,4.3,,2.9,87,1012.5
2023-01-07,-3.2,2.1,,7,96,1006.7
2023-01-08,1.4,2.3,,9.1,98,995.9
2023-01-09,4.4,2.4,,11.2,95,995.7
2023-01-10,2.6,1.5,,4.6,99,1002.8
2023-01-11,1.3,3.1,,7.7,93,991.1
2023-01-12,3.7,2,,0.8,94,990.9
2023-01-13,2.8,2.5,,6.6,96,988.3
2023-01-14,2.5,1.6,,6.2,96,993.6
2023-01-15,0.8,2.4,,9.4,96,974.1
2023-01-16,-0.6,1.9,,1.8,93,983.4
2023-01-17,-0.7,4.4,,2.7,92,982.3
2023-01-18,1.2,2.4,,5.6,96,986.2
2023-01-19,0.4,1.1,,2.3,95,998.9
2023-01-20,-1.5,2.3,,1,83,1017.7
2023-01-21,-5.8,1.3,,0,88,1036.7
2023-01-22,-10.9,1.7,,0,92,1039.4
2023-01-23,-7.4,1.7,,0.2,88,1035.8
2023-01-24,-2.2,1.2,,0.1,96,1029.7
2023-01-25,1.4,1.3,,0,99,1017.4
2023-01-26,2.4,1.9,,0,82,1025.6
2023-01-27,-0.6,0.8,,0,88,1027.1
2023-01-28,-3.6,1.2,,0,90,1016.4
2023-01-29,-1.9,2,,0,83,999.1
2023-01-30,2.8,3.7,,0,51,989.6
2023-01-31,2.4,1.2,,0,75,996.3
2023-02-01,-1.2,2.3,,0.4,82,995.3
2023-02-02,-3.9,1.2,,0,76,1013.8
2023-02-03,-4.1,3.9,,0.6,79,1016
2023-02-04,-4,1.7,,0.3,86,1036.6
2023-02-05,-3,1.4,,4.8,98,1033.3
2023-02-06,-1.9,0.9,,0.2,98,1036.5
2023-02-07,-2.2,0.9,,0,100,1031.6
2023-02-08,-1,2.8,,0,98,1027
2023-02-09,2.2,5.3,,0,70,1009.2
2023-02-10,2.5,3.2,,0.1,65,1012.9
2023-02-11,1.5,2.2,,0.2,75,1016.2
2023-02-12,0.9,1.1,,0,84,1025.6
2023-02-13,2.7,1.4,,0,71,1028.5
2023-02-14,2.7,1.1,,0,94,1030.9
2023-02-15,-0.3,1.2,,0,97,1021.2
2023-02-16,0.8,2.1,,0.5,95,1010.7
2023-02-17,2.2,3.5,,1.8,91,991.8
2023-02-18,3.2,3.3,,12.8,52,1001.9
2023-02-19,1.4,1.4,,0,60,1009.2
2023-02-20,0.2,2.5,,8.2,75,989.7
2023-02-21,4.7,3.3,,0,54,1008.3
2023-02-22,1.2,2.1,,0.2,80,1015.7
2023-02-23,0.3,1.5,,9.9,87,1007.7
2023-02-24,0.6,3.3,,6,78,998.2
2023-02-25,0.1,4.4,,0,54,1012.1
2023-02-26,0.6,1.7,,0,60,1024.4
2023-02-27,0.5,1.1,,0,68,1030
2023-02-28,2.2,1.3,,0,66,1030.9
2023-03-01,2.9,1.7,,0,64,1030.7
2023-03-02,2.2,1.5,,0,64,1024.7
2023-03-03,1.2,2.4,,0,57,1015.2
2023-03-04,2.4,3.7,,0,37,1014.4
2023-03-05,-1.5,2.6,,0,46,1006
2023-03-06,-1,2.3,,0,55,999.7
2023-03-07,-4,3.5,,0,55,991.6
2023-03-08,-5.4,2.2,,0,51,992.5
2023-03-09,-3.9,2.1,,1.1,55,994.9
2023-03-10,-5.9,1.5,,0,55,999.3
2023-03-11,-5.5,2,,0,54,998
2023-03-12,-3.9,2.3,,0,50,1001.2
2023-03-13,-1.4,3,,2.6,93,979.7
2023-03-14,-2,1.7,,12.8,74,982.7
2023-03-15,-2.1,2.3,,0,59,1003.3
2023-03-16,-1.4,2.1,,0,66,1017.1
2023-03-17,0.6,2.5,,5.8,97,1006.4
2023-03-18,2.1,1.4,,13.1,87,1007.8
2023-03-19,3.7,1.3,,0.1,89,1011.9
2023-03-20,3.4,1.8,,1.2,84,1008.5
2023-03-21,2.5,1.3,,0,92,1009.2
2023-03-22,1.5,1.8,,5.8,99,993.8
2023-03-23,3.1,2.2,,7,97,990.7
2023-03-24,3.9,1.7,,5.1,96,988.1
2023-03-25,3.5,3.3,,7.2,86,992.9
2023-03-26,0.5,3.2,,1.4,61,1003.8
2023-03-27,-2.8,3.6,,0,51,1011.5
2023-03-28,-2.9,1.8,,0,55,1017.3
2023-03-29,-0.2,3.7,,9.4,78,1012.9
2023-03-30,-1.7,2.9,,0,76,1008.4
2023-03-31,-1.1,4.4,,0,49,1006.2
2023-04-01,1.2,3,,0,39,1016.1
2023-04-02,1.6,1.7,,1,47,1030.2
2023-04-03,2.7,1.9,,0,69,1034.2
2023-04-04,2.4,1.8,,0,55,1028.7
2023-04-05,4.3,2,,0,53,1024.3
2023-04-06,5.9,2.7,,0.1,80,1023.5
2023-04-07,1.3,1.6,,1.4,81,1028.9
2023-04-08,3,1.5,,0,60,1032
2023-04-09,7.5,2.6,,0,51,1029.1
2023-04-10,7.2,2.2,,1.4,71,1020.3
2023-04-11,6.3,3.3,,1.6,85,1004.9
2023-04-12,5.5,2.9,,6.3,78,1006.1
2023-04-13,7.8,4.6,,4,84,1006.3
2023-04-14,8,4.4,,4,88,1016.7
2023-04-15,3.6,4,,22,85,1023
2023-04-16,5.2,2.7,,3.1,73,1027.4
2023-04-17,6.4,2.5,,0,63,1033.4
2023-04-18,9.3,2.4,,0,49,1038.5
2023-04-19,10.4,2.5,,0,42,1036.6
2023-04-20,11.7,1.7,,0,41,1031.5
2023-04-21,11.9,1.9,,0,51,1024
2023-04-22,11.6,2.3,,0,53,1011.6
2023-04-23,12.3,3.6,,4.6,87,1002.1
2023-04-24,5.3,6,,6.6,92,1000.9
2023-04-25,2.6,4.6,,34.5,88,999.9
2023-04-26,2.3,3.6,,8.2,70,1003.9
2023-04-27,2.9,3.1,,0.2,55,1009.6
2023-04-28,5.3,2.1,,0,49,1015.4
2023-04-29,6.2,3.6,,0,56,1009.3
2023-04-30,5.6,3.1,,0.7,42,1015.1
2023-05-01,7,2.4,,0.5,77,1010.2
2023-05-02,3.3,2.6,,3.4,52,1015.9
2023-05-03,7.5,2.6,,0,51,1025.3
2023-05-04,7.5,3.8,,0,40,1030.6
2023-05-05,5.9,2.9,,0,36,1030.1
2023-05-06,7.3,2.4,,0,45,1028.1
2023-05-07,7.4,2.4,,0,50,1027.8
2023-05-08,8.7,3.1,,0,54,1026.7
2023-05-09,11.2,3.3,,0,58,1018.2
2023-05-10,11.6,2.8,,0,52,1014.6
2023-05-11,14,2.1,,0,61,1019.3
2023-05-12,11.7,2.2,,0,63,1024.2
2023-05-13,16.1,2.4,,0,60,1024.4
2023-05-14,15.5,2.9,,0,55,1020.3
2023-05-15,15.8,2.8,,0,62,1012.3
2023-05-16,15.1,2.4,,0.3,71,1006.5
2023-05-17,11.1,3.9,,5.6,39,1014.3
2023-05-18,9.8,2.7,,0,47,1025.8
2023-05-19,11.3,2.5,,0,78,1028.9
2023-05-20,12.3,1.8,,0,66,1029.3
2023-05-21,14.2,1.7,,0,48,1025
2023-05-22,17.2,2,,0,58,1019.8
2023-05-23,17.8,2.2,,2.1,87,1013.8
2023-05-24,12.8,3,,4.3,63,1015.9
2023-05-25,14.2,4.8,,0,46,1019.8
2023-05-26,12.2,2.8,,0,44,1023.1
2023-05-27,12.3,3,,0,66,1020.3
2023-05-28,12.4,4,,0.8,51,1015.9
2023-05-29,12,2.5,,0,48,1021.1
2023-05-30,12.8,2.7,,0,56,1023.7
2023-05-31,15.1,2.6,,0,48,1017.7
2023-06-01,16.6,4.2,,0,40,1019.6
2023-06-02,11.9,2.6,,0,45,1023.7
2023-06-03,12.9,2.1,,0,58,1020.1
2023-06-04,14.7,2.7,,0,48,1020.9
2023-06-05,16.3,2.7,,0,62,1018.7
2023-06-06,17,2.5,,0,54,1017.8
2023-06-07,18.3,3.5,,0,45,1018.3
2023-06-08,18.3,4.6,,0,43,1018.8
2023-06-09,17.4,2.7,,0,38,1024.1
2023-06-10,17,2.2,,0,35,1026.9
2023-06-11,17.5,2.9,,0,45,1025.9
2023-06-12,17.2,2.6,,0,44,1023.2
2023-06-13,19.8,1.6,,0,47,1020.7
2023-06-14,21.1,1.8,,0,45,1020.9
2023-06-15,23.1,1.7,,0,44,1018.7
2023-06-16,23.8,2.2,,0,43,1015.2
2023-06-17,24.4,1.9,,0,36,1014.1
2023-06-18,25.4,3.5,,0,60,1015.9
2023-06-19,18.1,3.3,,2.5,74,1014
2023-06-20,19.6,2,,0,81,1014.8
2023-06-21,18.6,2.2,,8.6,87,1011.2
2023-06-22,18.2,3.4,,15.4,58,1012.1
2023-06-23,19.4,2.3,,0.1,48,1014.9
2023-06-24,20.4,2.8,,0,53,1018
2023-06-25,19.9,2.3,,0,67,1017.5
2023-06-26,21.2,1.9,,0,78,1010
2023-06-27,19.1,1.7,,10.7,77,1007.4
2023-06-28,19.5,2.9,,0,65,1010.9
2023-06-29,21.7,2.8,,0,80,1007.6
2023-06-30,19.5,2.8,,2.6,68,1000.1
2023-07-01,18.9,2.6,,1.8,66,995.7
2023-07-02,17.7,2.5,,6.3,84,988.3
2023-07-03,14.1,2.6,,21.1,77,988.3
2023-07-04,16,2.2,,1.9,79,995
2023-07-05,15.5,2.4,,0.4,72,1005.5
2023-07-06,16.2,2.7,,2.3,87,1006.2
2023-07-07,14.4,2,,9.7,81,1015.6
2023-07-08,17.7,2.1,,5.5,65,1021
2023-07-09,20.3,1.8,,0,57,1020.9
2023-07-10,22,1.9,,0,69,1016.1
2023-07-11,20,2.9,,0.1,85,1011
2023-07-12,16.3,2.6,,15.8,93,1003.4
2023-07-13,15.9,3.1,,17.9,82,1003
2023-07-14,16.1,2.6,,4.6,62,1008.9
2023-07-15,18,2.2,,0,89,1008.1
2023-07-16,15.4,4.8,,16.9,90,1000.1
2023-07-17,16.3,4.9,,6.4,73,1001.9
2023-07-18,15.8,3,,1.2,56,1005.4
2023-07-19,16.5,2.5,,1.1,59,1003.7
2023-07-20,14.6,2.2,,0.7,68,1001.5
2023-07-21,14.5,1.9,,1.3,79,1002.5
2023-07-22,14.5,1.9,,0.7,87,1003.7
2023-07-23,12.6,2,,3.3,75,1003.4
2023-07-24,16.2,4.1,,0.4,84,997.6
2023-07-25,14.6,2.3,,20.4,81,992.2
2023-07-26,16.2,2.5,,1.1,76,998.1
2023-07-27,14.7,2.4,,0.5,69,1001.1
2023-07-28,15.4,2.5,,1.7,79,1002.7
2023-07-29,17.2,2.1,,0,75,1001.9
2023-07-30,17.8,2.4,,0,86,1000.2
2023-07-31,16.6,1.9,,3.8,83,1000
2023-08-01,15.2,1.7,,2.7,78,994.8
2023-08-02,17,1.8,,0.3,80,992.9
2023-08-03,16.9,1.8,,18.5,79,994.5
2023-08-04,17.6,1.9,,0.4,79,1002.4
2023-08-05,16.8,1.9,,8.5,89,1008.4
2023-08-06,14.8,2.6,,3.6,81,1010
2023-08-07,15.7,4.8,,9.5,93,993.6
2023-08-08,15.8,2.1,,57.2,92,982.6
2023-08-09,15.6,3,,3.1,84,998
2023-08-10,13.3,1.6,,2,77,1010.5
2023-08-11,15.2,2.4,,0,75,1014.4
2023-08-12,16.1,1.9,,1.4,84,1012.3
2023-08-13,17.4,3,,0.6,87,1010.5
2023-08-14,16.6,3.1,,4.3,87,1013.3
2023-08-15,16.4,1.4,,6.3,96,1012.7
2023-08-16,16.8,2.1,,6.1,80,1015
2023-08-17,18.1,3.1,,0.3,63,1024.7
2023-08-18,18.2,3.7,,0,66,1026.7
2023-08-19,18.3,3.3,,1.7,85,1023.2
2023-08-20,17.1,2.1,,41.4,97,1017
2023-08-21,17,2.8,,4.6,72,1013.9
2023-08-22,17.8,1.9,,0,74,1013.3
2023-08-23,17.9,1.7,,0,87,1011.3
2023-08-24,15.6,1.4,,5.8,77,1011.8
2023-08-25,17,2.3,,0.5,88,1008.8
2023-08-26,14.4,3.2,,12.7,95,1006.9
2023-08-27,14.2,3.6,,52,89,1001.9
2023-08-28,15.4,1.8,,2.1,88,1004.2
2023-08-29,14.7,2,,14.2,85,1005.9
2023-08-30,14.5,1.6,,0,80,1006.1
2023-08-31,14,1.3,,0,78,1006.4
2023-09-01,15.2,1.5,,0,70,1009
2023-09-02,17.2,2.3,,0.8,60,1014.5
2023-09-03,16.4,1.9,,0,75,1017.9
2023-09-04,14.8,2.1,,0.2,82,1017.9
2023-09-05,17.9,2.9,,0,67,1016.6
2023-09-06,18.6,2.5,,0,63,1025.8
2023-09-07,15.6,2.5,,0,85,1025.2
2023-09-08,16.5,1.6,,0,96,1021.1
2023-09-09,16.2,1.3,,0.1,93,1016.4
2023-09-10,16.8,1.8,,0,92,1014
2023-09-11,17.6,3.4,,0.7,100,1009
2023-09-12,17.2,2.8,,1.2,70,1007.5
2023-09-13,14.3,3.4,,0.3,54,1016.2
2023-09-14,12,2.3,,0,71,1020.3
2023-09-15,11.9,1.9,,1,92,1018.4
2023-09-16,13.8,2.1,,4.5,92,1017.7
2023-09-17,10.2,2.9,,1.5,76,1021.4
2023-09-18,11.8,4,,1.8,91,1008.1
2023-09-19,13.5,4,,42.3,83,989.3
2023-09-20,12,1.6,,0.6,97,994.5
2023-09-21,13.5,4,,3,97,995.8
2023-09-22,14.6,1.6,,33.3,93,995.7
2023-09-23,12.4,1.7,,6,87,1003.3
2023-09-24,11,2.7,,0,75,1016.4
2023-09-25,13.7,5,,3.5,93,1016.8
2023-09-26,13.6,1.7,,0.1,90,1020.7
2023-09-27,14.5,1.7,,0.7,89,1016.4
2023-09-28,14.2,2.9,,1.8,94,1011.8
2023-09-29,14.5,2.9,,2.1,89,1007.3
2023-09-30,12.7,2.6,,0.3,77,1008.6
2023-10-01,11.5,1.7,,0,80,1014.3
2023-10-02,11.6,1.5,,0.3,86,1010
2023-10-03,10.5,1.4,,0,86,1002.1
2023-10-04,9.2,2.4,,0,72,1003.3
2023-10-05,10.9,1.9,,0,71,1011.5
2023-10-06,9.3,2.4,,2.3,92,1000.1
2023-10-07,9.1,2.8,,4.7,56,1011.6
2023-10-08,5.4,2,,0,66,1021.9
2023-10-09,4.8,1.7,,0,74,1016.1
2023-10-10,3.9,1.9,,0,93,1005.5
2023-10-11,10,4.9,,4.7,70,987.1
2023-10-12,8.9,3.5,,0,58,997.1
2023-10-13,7.9,1.8,,0,89,993.1
2023-10-14,7.5,4,,10.5,73,981.1
2023-10-15,8.6,3.3,,0,54,1001.2
2023-10-16,5.1,1.8,,0,66,1012.8
2023-10-17,6.4,2.2,,0,72,1010.3
2023-10-18,7.1,2.3,,0,69,1017.2
2023-10-19,4.3,5,,0,64,1018.9
2023-10-20,1.5,7.2,,0,60,1018
2023-10-21,2,6.8,,0,77,1013
2023-10-22,2.2,4.1,,1.9,89,1009.6
2023-10-23,3.9,2.3,,0.5,88,1012.1
2023-10-24,5.4,3.3,,0,86,1016.8
2023-10-25,4.3,5.1,,0,76,1014.3
2023-10-26,2,3.5,,0,68,1008.3
2023-10-27,2.2,3.1,,0,64,1005.4
2023-10-28,1.3,2.9,,0,59,1007.8
2023-10-29,0.6,4.6,,0,62,1004.6
2023-10-30,0,8.1,,1.5,86,999.2
2023-10-31,-0.4,6.4,,9.2,77,1001.6
2023-11-01,-0.3,2.2,,1,76,1004.2
2023-11-02,-1.1,6.3,,2,90,996.1
2023-11-03,1.2,6.9,,21.7,92,987.6
2023-11-04,3.7,4.4,,6.6,89,984
2023-11-05,3.6,4.6,,0.7,91,983.8
2023-11-06,4.7,3.3,,0.9,93,990.3
2023-11-07,4.5,1.7,,15.2,90,998.4
2023-11-08,3.6,1.3,,0.1,87,1002.5
2023-11-09,3.1,3.2,,2.9,94,996.8
2023-11-10,3.8,2.9,,2.6,86,996.7
2023-11-11,3.3,3.8,,0,86,1003.3
2023-11-12,2.2,4.2,,0.1,82,1009.6
2023-11-13,0.4,2.4,,0.3,84,1008
2023-11-14,-1.2,4.7,,0,73,1005.2
2023-11-15,-1.2,3,,0.1,70,1014.4
2023-11-16,-3.7,2.8,,0,78,1019.6
2023-11-17,-2.9,2,,0,79,1023.4
2023-11-18,-5.2,1.5,,0,85,1024.2
2023-11-19,-7.7,4.3,,0,85,1012.9
2023-11-20,-4.3,2.8,,1.1,84,1014.6
2023-11-21,-1.3,1.9,,0,89,1025.5
2023-11-22,-1.8,3.7,,0,91,1008.1
2023-11-23,2.6,3.6,,1.3,70,986.8
2023-11-24,2.6,3.1,,0,55,993.8
2023-11-25,0.9,2.5,,0.1,76,1007.7
2023-11-26,-2.6,1.7,,0.1,75,1011.1
2023-11-27,-3.2,4.3,,0,72,1015.4
2023-11-28,-6.2,4.9,,0.4,67,1009.3
2023-11-29,-5.7,6.7,,2.2,78,1006.1
2023-11-30,-1.8,3.9,,1.1,76,1011.1
2023-12-01,-3.5,2.2,,0.2,74,1012.1
2023-12-02,-8.6,2.1,,0,80,1014.7
2023-12-03,-10.6,1.8,,0,82,1020.2
2023-12-04,-12.4,1.6,,0,81,1019.2
2023-12-05,-13.1,1.7,,0,82,1020.7
2023-12-06,-11.5,1.9,,0.1,81,1024
2023-12-07,-7.9,1.7,,2,84,1024.9
2023-12-08,-4.7,3.4,,0,83,1019.9
2023-12-09,-1.9,3.4,,2.5,93,1010.9
2023-12-10,0.3,4.3,,4.7,92,1009.2
2023-12-11,-1,5.9,,2.2,84,1007.1
2023-12-12,-0.6,2.3,,0.3,78,1012.7
2023-12-13,-2.8,2.3,,0,74,1015.1
2023-12-14,-4.9,1.5,,0,80,1017.5
2023-12-15,-5.3,1,,0.1,93,1019
2023-12-16,-3.6,1.7,,0,92,1013
2023-12-17,2.2,1.5,,0,91,1010.5
2023-12-18,1.1,1,,0,100,1007
2023-12-19,1.6,1.9,,2.1,82,997.8
2023-12-20,-0.2,1.5,,0.2,92,989.7
2023-12-21,-3.9,5.5,,0.1,87,972.1
2023-12-22,-2,3.7,,8.4,66,981.7
2023-12-23,-3.2,1.2,,0,67,992.7
2023-12-24,-7.5,2,,0,84,987.3
2023-12-25,-5.6,1.9,,5.6,89,983.8
2023-12-26,-7.2,0.9,,0.8,90,995.5
2023-12-27,-9.1,1.2,,0,87,1014.2
2023-12-28,-6.2,3.9,,2.2,84,996.5
2023-12-29,-4.1,2.3,,5.5,89,988.6
2023-12-30,-3.8,1.9,,1.8,88,1001.7
2023-12-31,-1.4,4.9,,0.4,88,1012.1
2024-01-01,-3.8,6.9,,6.3,84,1012.4
2024-01-02,-5.3,6.3,,6.4,76,1014.1
2024-01-03,-8.1,5.4,,2.1,72,1009.7
2024-01-04,-8.7,4.8,,0.9,68,1013.2
2024-01-05,-12,1.9,,0,77,1017.1
2024-01-06,-18.9,1.1,,0,80,1024.5
2024-01-07,-17.5,1.2,,0,83,1035.4
2024-01-08,-17,0.9,,0,81,1040.2
2024-01-09,-13.3,0.6,,0,84,1036.8
2024-01-10,-7.6,0.8,,0,91,1032.9
2024-01-11,-3.9,2.2,,0,67,1030.1
2024-01-12,-0.1,1.1,,0,87,1022
2024-01-13,-4.2,0.9,,0,97,1000.4
2024-01-14,-3.8,2.6,,0.1,85,989.8
2024-01-15,-3.3,2,,6.4,76,994.8
2024-01-16,-12.3,1.8,,0,88,997.6
2024-01-17,-9.4,5.5,,4.1,83,980.1
2024-01-18,-7.7,1.3,,10.5,81,988
2024-01-19,-11,1.5,,0.1,87,997.9
2024-01-20,-12.1,1.4,,0,84,1014.1
2024-01-21,-10.2,2.3,,1.1,97,1004.4
2024-01-22,0.5,6,,11.4,84,976.8
2024-01-23,4.9,3,,0.1,63,993.6
2024-01-24,3.5,1.7,,9.1,96,988.4
2024-01-25,0.6,1.4,,0,93,1015
2024-01-26,-0.9,1.6,,0.1,96,1007.5
2024-01-27,-0.7,1.3,,12.4,94,1017.8
2024-01-28,0.6,4,,0,94,1019.1
2024-01-29,3.3,2.2,,0,88,1018.9
2024-01-30,1.8,0.9,,0,92,1021.6
2024-01-31,-0.7,2.8,,4.3,95,1006.9
2024-02-01,0.5,3,,0.4,62,1002.2
2024-02-02,0.2,1.3,,0,92,1000.5
2024-02-03,4,4.7,,6.2,53,994.2
2024-02-04,3.2,1.9,,0,70,992.3
2024-02-05,0.4,2,,0.1,59,997
2024-02-06,-4.3,3.4,,0,76,995.4
2024-02-07,-6.7,2,,0.9,76,996.9
2024-02-08,-8.6,2.2,,0,76,1001.2
2024-02-09,-11.5,3.5,,0,77,1007.5
2024-02-10,-8.7,5.8,,0.5,73,1009
2024-02-11,-7.3,4.8,,1.6,74,1008.2
2024-02-12,-4.9,5.1,,0.6,83,1006.3
2024-02-13,-3.8,2.4,,10.9,84,1008.7
2024-02-14,-3.5,1.3,,0.8,94,1012.8
2024-02-15,-0.4,2.5,,0,93,1015.4
2024-02-16,0.9,1.4,,18.1,98,1004.6
2024-02-17,1,1.7,,11.6,79,1023.1
2024-02-18,-0.1,2.8,,0,93,1023.5
2024-02-19,-0.5,1.5,,3.2,89,1014.7
2024-02-20,-0.1,1.2,,0,98,1011.8
2024-02-21,-0.3,1.3,,2.1,97,1002.4
2024-02-22,1.7,1.6,,6,100,986.8
2024-02-23,3.9,5,,13.3,89,975.1
2024-02-24,3.3,2.2,,1.7,95,996.3
2024-02-25,3,1.9,,4.9,97,1001.8
2024-02-26,2.6,1.8,,0.3,87,1012.2
2024-02-27,0.7,3,,0,91,1014.9
2024-02-28,2,3.5,,0.6,91,1010.1
2024-02-29,3.8,4.1,,0,97,1005.1
2024-03-01,3.9,2.5,,14.1,95,1006.7
2024-03-02,3.8,4.1,,1.7,95,1011.4
2024-03-03,4.2,4.3,,7.5,94,1016.4
2024-03-04,4,4,,7.4,82,1023.8
2024-03-05,3.2,3.7,,0,72,1030.8
2024-03-06,2.1,2.6,,0,69,1033.6
2024-03-07,0,1.1,,0,73,1032
2024-03-08,1.1,2,,0,70,1026.2
2024-03-09,2.7,3.4,,0,69,1021.9
2024-03-10,0.1,3.8,,0,76,1023
2024-03-11,-1.4,4.4,,0,66,1021.4
2024-03-12,-0.3,1.6,,0,65,1017.4
2024-03-13,1.6,2,,0,85,1009
2024-03-14,3.5,2.9,,4.7,86,998.6
2024-03-15,6,1.5,,0.7,97,996.9
2024-03-16,4.2,6.5,,24.3,88,1005.4
2024-03-17,-1.4,2.6,,8.7,67,1026.4
2024-03-18,-1.2,1.6,,0,72,1024.5
2024-03-19,-0.2,1.7,,0.1,79,1019.9
2024-03-20,1.1,1.1,,2.1,91,1016.4
2024-03-21,2.8,2.5,,0,88,1014.8
2024-03-22,3.9,3,,3.9,73,997.6
2024-03-23,5.8,3,,0,83,992.3
2024-03-24,4.5,2.5,,1.1,89,995.9
2024-03-25,3.4,3.5,,1.3,83,1002.4
2024-03-26,0.6,2.1,,2.4,92,1001.2
2024-03-27,1.8,3.8,,3.4,93,995.4
2024-03-28,4,6.1,,0.9,85,988.7
2024-03-29,6.2,3,,7,96,990.3
2024-03-30,5.5,1.8,,0.4,96,1002.3
2024-03-31,6.2,2.4,,6.6,94,1000.2
2024-04-01,5.5,3.5,,0.2,68,1002.3
2024-04-02,7.2,5.1,,0,60,1006.4
2024-04-03,2,4.8,,0,41,1011.2
2024-04-04,0.1,4.6,,0,69,1010.3
2024-04-05,-2.3,3.8,,8,80,1005.1
2024-04-06,0.6,1.7,,1.6,89,1008.6
2024-04-07,3.6,3.5,,1.7,91,1001.1
2024-04-08,7.6,3.2,,2.1,86,1006.4
2024-04-09,8.5,2.6,,0,93,1007.4
2024-04-10,8.6,4.8,,7.2,68,1006.9
2024-04-11,7.9,3.5,,4.2,71,1011.8
2024-04-12,9.8,1.9,,1,82,1015.1
2024-04-13,8.7,3.1,,1.3,71,1006.8
2024-04-14,10.3,4.3,,5.5,57,999
2024-04-15,6.6,2.2,,0,50,1003.4
2024-04-16,6.7,3.3,,0,42,1003.2
2024-04-17,5.4,3.4,,0,50,1009.6
2024-04-18,4.9,2.8,,0,52,1013.1
2024-04-19,4.2,2.3,,4.8,75,1010.1
2024-04-20,2.6,3.5,,0,57,1016.8
2024-04-21,5.8,4.1,,0,39,1029.3
2024-04-22,4.6,1.9,,0,52,1025.4
2024-04-23,5.1,2.8,,0,56,1013.4
2024-04-24,6.2,2.9,,0,63,1008.7
2024-04-25,4.9,2.2,,1.9,78,1006.4
2024-04-26,5.2,2.6,,0.4,65,1009.5
2024-04-27,5.3,1.8,,0,61,1013.5
2024-04-28,6.9,4.6,,0,87,1016.4
2024-04-29,6.1,4.1,,5.7,81,1017
2024-04-30,8.9,2,,0.3,71,1026.6
2024-05-01,13.4,3.6,,0,42,1024.7
2024-05-02,15.9,3.6,,0,36,1020.6
2024-05-03,15.6,2.5,,0,42,1017.8
2024-05-04,15.3,1.9,,0,47,1013.4
2024-05-05,16.5,1.5,,0.4,81,1007.9
2024-05-06,12.7,4,,0,61,1012.8
2024-05-07,9.7,2.2,,0,63,1021
2024-05-08,10.7,1.9,,0.1,77,1022.9
2024-05-09,12.3,3,,0.5,81,1017.7
2024-05-10,11.4,2.9,,1.1,49,1022.1
2024-05-11,11.1,2,,0,54,1024
2024-05-12,13.7,2,,0,71,1023.2
2024-05-13,14.4,1.9,,0,64,1020.3
2024-05-14,15.6,2.2,,0,52,1018.1
2024-05-15,16.7,2.3,,0,51,1018.2
2024-05-16,18.5,2.5,,0,46,1020.1
2024-05-17,18.2,2.3,,0,45,1019.9
2024-05-18,17.2,2.1,,0,48,1015.9
2024-05-19,17.4,3,,0,50,1011.8
2024-05-20,18.7,3.5,,0,41,1018.6
2024-05-21,16,2.5,,0,42,1021.2
2024-05-22,17.8,3.4,,0,39,1019.4
2024-05-23,19.7,3.8,,0,45,1017
2024-05-24,21,2.5,,0,71,1019.4
2024-05-25,17.7,1.6,,0,70,1021
2024-05-26,21.2,3.4,,0.9,62,1020.2
2024-05-27,20.5,2.4,,4.3,90,1015.5
2024-05-28,16.2,2.2,,42.7,79,1012.7
2024-05-29,16.8,3.1,,14.2,64,1010.3
2024-05-30,16.4,2.7,,0,76,1010
2024-05-31,15.7,1.9,,3.4,65,1014.3
2024-06-01,20.9,2,,4.9,66,1016
2024-06-02,20.6,2.7,,0.3,62,1012.9
2024-06-03,20.6,3.3,,0,52,1005.3
2024-06-04,16.3,4.4,,0,63,1005.1
2024-06-05,15,4.1,,10.7,82,997.8
2024-06-06,11.1,3.3,,11.7,70,1006.8
2024-06-07,10.6,2.9,,0.8,77,1009.3
2024-06-08,11.2,2.4,,3.7,90,1001.1
2024-06-09,9,2.7,,8.2,78,989.9
2024-06-10,9.7,3,,1.2,67,994
2024-06-11,13.4,2,,0,55,1003
2024-06-12,14.9,3,,0.4,79,1006.8
2024-06-13,12.1,1.9,,17.7,74,1008.2
2024-06-14,12.7,2.6,,0.5,73,1010.5
2024-06-15,13.9,3.5,,2.9,74,1006.8
2024-06-16,14.7,3.7,,8.9,79,1006.6
2024-06-17,15.1,3.1,,6.1,76,1009
2024-06-18,14.9,2.3,,1.1,88,1007.4
2024-06-19,13.2,1.7,,5.3,68,1008.8
2024-06-20,16,3.7,,1.2,50,1011.9
2024-06-21,16.1,2.4,,0,57,1013.1
2024-06-22,16.8,2.3,,0,83,1010.1
2024-06-23,13.7,2.1,,8.1,80,1011.8
2024-06-24,16.4,2.3,,0,58,1017.2
2024-06-25,19.1,3,,0,77,1018.1
2024-06-26,18.3,2.1,,0,78,1015.4
2024-06-27,19.2,2.3,,0,63,1010.5
2024-06-28,23.3,4.5,,15.9,79,1003.9
2024-06-29,17.5,4.9,,1,60,1008.1
2024-06-30,15.6,2.1,,0,74,1006.7
2024-07-01,14.8,2.5,,1.9,67,1002.1
2024-07-02,16.4,1.6,,0,62,1000.9
2024-07-03,16.4,2.7,,0,65,998
2024-07-04,16.2,2.7,,2.2,91,994.5
2024-07-05,11.3,3.2,,18.3,79,993.5
2024-07-06,13.2,2.8,,0.3,80,996
2024-07-07,14.1,3.8,,17.3,89,995.2
2024-07-08,12.7,2.8,,7.9,74,1012.1
2024-07-09,14.8,2.6,,0.1,67,1019.6
2024-07-10,16.2,3.5,,0.7,91,1015.6
2024-07-11,14.6,2.6,,15.5,85,1012.2
2024-07-12,17.3,2.3,,0,70,1014.3
2024-07-13,18.1,2.9,,0,63,1012.1
2024-07-14,21,3.1,,2.1,89,1006.7
2024-07-15,15.4,2,,18.9,91,1008.8
2024-07-16,15.7,1.5,,4.8,89,1011.8
2024-07-17,17,1.6,,2.7,94,1009.5
2024-07-18,16.4,2.3,,2.6,72,1014.4
2024-07-19,19.3,2,,0,71,1017.5
2024-07-20,19.5,1.7,,0,76,1013.9
2024-07-21,20.5,2,,0,67,1010
2024-07-22,22.4,1.5,,2.9,92,1009.5
2024-07-23,16.8,2.1,,7.3,81,1011
2024-07-24,18.8,3.1,,1.3,83,1012.8
2024-07-25,15.8,2.8,,5.4,75,1009.4
2024-07-26,18.3,2.5,,3.6,96,1006.5
2024-07-27,16.1,2.1,,23.3,85,1007.9
2024-07-28,17,2.3,,1.4,66,1014.9
2024-07-29,18.1,2.1,,0.1,66,1019.6
2024-07-30,17.3,2.1,,0,75,1013.7
2024-07-31,18.3,2.9,,0,53,1010.4
2024-08-01,18.3,2.4,,0,57,1012.1
2024-08-02,17.9,2.7,,0,59,1010.6
2024-08-03,18.7,2.3,,0,76,1007.2
2024-08-04,18.9,1.5,,22.7,93,1006.7
2024-08-05,17,2.1,,17.8,78,1011.3
2024-08-06,20.1,2.6,,0,76,1012.9
2024-08-07,19.2,2.4,,0,79,1009.4
2024-08-08,19.1,3,,11.1,82,1007.6
2024-08-09,16.8,2.7,,3.4,91,1000.5
2024-08-10,14.5,3.9,,4.4,69,1002.4
2024-08-11,15.3,3.6,,0,53,1010.3
2024-08-12,16.4,1.7,,0,59,1015.3
2024-08-13,16.5,1.7,,0,73,1015.8
2024-08-14,16.6,1.5,,0.3,86,1013.8
2024-08-15,17.8,4,,9.2,92,1007.6
2024-08-16,16.8,3,,3.3,69,1006.3
2024-08-17,15.8,2.7,,0.1,75,1006.6
2024-08-18,15,3,,0,82,1005.9
2024-08-19,13.7,2.8,,0,72,1011.4
2024-08-20,16.4,3.6,,0.1,85,1009.1
2024-08-21,16.2,2.4,,19.6,92,1001.9
2024-08-22,14.5,3,,0.6,98,999.2
2024-08-23,14.7,3.4,,15.1,95,991.9
2024-08-24,12.8,2.5,,15.9,88,1003.2
2024-08-25,13.8,3.6,,4.5,77,1003.1
2024-08-26,14.8,4.6,,1,78,1010.2
2024-08-27,14.5,2.9,,0,84,1018.6
2024-08-28,15.8,2.7,,0.3,84,1020.4
2024-08-29,17.5,2.4,,0,89,1014.2
2024-08-30,16.3,2.3,,8.7,79,1015.1
2024-08-31,14,2.4,,0,61,1025
2024-09-01,14.7,1.7,,0,70,1024.7
2024-09-02,16,1.7,,0,92,1019.7
2024-09-03,12.4,2,,16.7,96,1017.9
2024-09-04,15.9,2.8,,13.1,93,1021.4
2024-09-05,17.4,2.9,,5.4,78,1027.4
2024-09-06,20.6,1.5,,0,76,1025.3
2024-09-07,19.7,2.2,,0,71,1020.3
2024-09-08,20,2.8,,0.4,83,1012.2
2024-09-09,18.9,2.1,,0.1,95,998.1
2024-09-10,16.2,3.9,,10.7,86,990.5
2024-09-11,12.8,4.3,,12.1,75,992.3
2024-09-12,11.6,2.8,,0.1,80,1003.3
2024-09-13,11.1,2,,0,68,1017.5
2024-09-14,9.5,1.6,,0,70,1024.6
2024-09-15,10.2,2.6,,0,88,1023.1
2024-09-16,13.4,1.3,,1.3,97,1024.8
2024-09-17,12.6,1.4,,7.7,88,1031.3
2024-09-18,13.6,1.4,,0,86,1034.6
2024-09-19,13.8,1.3,,0,84,1032.8
2024-09-20,14.1,1.1,,0,99,1030.7
2024-09-21,12.2,1.7,,0,94,1026.9
2024-09-22,13.5,1.2,,1,94,1019.7
2024-09-23,12.7,1.7,,1.8,91,1008.8
2024-09-24,13.8,1.5,,1.8,98,998.6
2024-09-25,13.7,2.8,,27.2,89,988.4
2024-09-26,10.1,3.2,,6.4,71,993.9
2024-09-27,9.2,4.1,,0,63,990.7
2024-09-28,7.8,2.1,,0,62,1002.5
2024-09-29,6.5,2,,0,67,1019.6
2024-09-30,7,1.6,,0,88,1024.9
2024-10-01,9,2.1,,0,81,1024.2
2024-10-02,8.3,1.2,,0,79,1021
2024-10-03,8.6,1.2,,0,78,1022
2024-10-04,8.2,1.4,,0,85,1020.4
2024-10-05,8.7,1.2,,0,92,1016
2024-10-06,8.9,2.1,,0,85,1010
2024-10-07,10.3,2,,0,91,1006.8
2024-10-08,9.5,2.2,,10.4,95,1002.7
2024-10-09,11.1,2.1,,2.6,99,990.3
2024-10-10,11.9,2.4,,8.8,95,986.7
2024-10-11,6.5,1.9,,29.8,78,999.6
2024-10-12,4.4,1.9,,0,95,1009.7
2024-10-13,6,2.7,,6.6,89,1006
2024-10-14,6.2,1.8,,0.1,87,1012.8
2024-10-15,3.8,1.5,,0,87,1022.4
2024-10-16,4.5,1.2,,0,94,1024.3
2024-10-17,7.6,1.5,,0,94,1017.8
2024-10-18,8.8,1,,7,100,1016
2024-10-19,10.3,1.5,,7,99,1016.2
2024-10-20,11.4,3.3,,8.1,99,1011.3
2024-10-21,12,5.5,,6.8,74,1004.5
2024-10-22,10.3,3.5,,0,78,1012.5
2024-10-23,8.9,3,,0,76,1020.4
2024-10-24,8.8,2.9,,0,87,1022.7
2024-10-25,10.1,1.4,,0,96,1018.6
2024-10-26,8.2,1.7,,0,93,1017.1
2024-10-27,8.5,2.3,,18.3,86,1007.4
2024-10-28,7.3,2,,0,81,1013.3
2024-10-29,6.5,1.6,,0,90,1015.3
2024-10-30,4.2,2,,0,77,1013.7
2024-10-31,7.6,2.8,,0,82,1004
2024-11-01,10.7,4.9,,0.1,48,1004.2
2024-11-02,4.7,1.9,,0,57,1025.7
2024-11-03,3.2,2.1,,0.1,70,1017.5
2024-11-04,8.7,1,,0,85,1027.5
2024-11-05,6.4,0.9,,0,99,1025.3
2024-11-06,3.4,1.3,,0,98,1027.2
2024-11-07,2.5,0.9,,0.9,95,1033.4
2024-11-08,2.7,1.2,,0,100,1033.4
2024-11-09,5.9,1.7,,0.3,96,1032.5
2024-11-10,4.3,1.7,,0.5,93,1028.4
2024-11-11,2.8,1.1,,1.7,95,1026.5
2024-11-12,1.9,1,,0,99,1033.4
2024-11-13,2.8,1.2,,0,100,1021.8
2024-11-14,1.8,1.1,,0,100,1017.7
2024-11-15,0.9,1.7,,0,94,1008.8
2024-11-16,7,5.6,,0,58,991.2
2024-11-17,4.6,2.1,,0,60,987.2
2024-11-18,2.4,1.4,,0,66,994.6
2024-11-19,0.3,3.1,,0,79,994.8
2024-11-20,0.3,3.2,,0.4,67,995.1
2024-11-21,-2.2,2.5,,0,48,990.6
2024-11-22,-4.7,1.4,,0,57,991.6
2024-11-23,-6,1.4,,0,76,1002.6
2024-11-24,-2.3,2.8,,0,90,996.8
2024-11-25,2.6,2.1,,19.7,98,989.2
2024-11-26,7.3,3,,0.1,88,996.5
2024-11-27,5.3,4,,0,73,1014.1
2024-11-28,1.6,2.4,,0,76,1023.1
2024-11-29,-3,1.1,,0,92,1023.8
2024-11-30,0.8,3.4,,5.3,96,1017.3
2024-12-01,7.2,3.8,,1.4,98,1011.6
2024-12-02,7.8,4.4,,1.2,93,1002
2024-12-03,4.2,3.7,,4.8,67,1020.2
2024-12-04,-3.5,2.2,,0.3,81,1029.4
2024-12-05,-3.5,2.7,,0.2,83,1016.4
2024-12-06,0.5,2,,6.1,95,1008.5
2024-12-07,1.5,4.1,,2,93,1010.4
2024-12-08,1.7,3.8,,0.4,86,1027.1
2024-12-09,0.6,1.6,,0,83,1041
2024-12-10,-3.4,1.3,,0,93,1034.5
2024-12-11,-5.6,0.7,,0,94,1032.2
2024-12-12,-3.4,0.7,,0,94,1032.7
2024-12-13,-3.2,0.6,,0,95,1021.9
2024-12-14,0.4,3,,0.3,77,1001.1
2024-12-15,0.6,2.1,,0,91,998.2
2024-12-16,2.4,2.9,,1.6,65,996.6
2024-12-17,3.4,1.6,,0.1,64,1009.2
2024-12-18,0.8,3.6,,7.7,98,991.7
2024-12-19,6.1,2.4,,8,85,980.4
2024-12-20,2.8,2.4,,0.1,58,996.7
2024-12-21,0,1.8,,5.4,99,989.1
2024-12-22,1.5,1.9,,5.3,98,980
2024-12-23,2,3.4,,1.3,77,1003.7
2024-12-24,0,1.5,,0,96,1014.8
2024-12-25,2.4,1.5,,2,100,1020
2024-12-26,4.6,0.9,,0.4,100,1027.2
2024-12-27,4.2,0.9,,0,100,1029.9
2024-12-28,2.3,1.1,,4.1,100,1020.1
2024-12-29,2.6,2.3,,0.2,96,1004.5
2024-12-30,3.3,2.2,,0,60,1007.6
2024-12-31,-1.1,2.5,,0,69,1007.7
2025-01-01,-2.8,4.2,,4.2,76,992.1
2025-01-02,-5.6,1.8,,0.6,76,997.8
2025-01-03,-6.8,2.8,,0.1,63,999.4
2025-01-04,-7.8,1.2,,0,86,1007
2025-01-05,-11.3,1.7,,0,85,1004.8
2025-01-06,-8.3,6.7,,0.6,88,990.7
2025-01-07,-2.3,5.9,,19.1,95,972
2025-01-08,-0.4,1.5,,11.5,88,982.7
2025-01-09,-2.4,2.2,,0,88,997.9
2025-01-10,-1.6,3.7,,0.2,77,1014.2
2025-01-11,-2.8,4.8,,0,71,1024.3
2025-01-12,-3.6,1.2,,0,89,1035.6
2025-01-13,-8.8,1.4,,0,95,1023.6
2025-01-14,0.6,1.1,,0.2,100,1015.1
2025-01-15,0.2,1,,0,100,1023.8
2025-01-16,1.1,1.1,,0.3,100,1022.8
2025-01-17,2.2,1.2,,0,98,1021.9
2025-01-18,1.3,1.6,,0,94,1024.8
2025-01-19,3.4,1.9,,0.1,100,1022.6
2025-01-20,1.1,2.5,,0,92,1020.2
2025-01-21,-0.9,2.3,,0,91,1011.8
2025-01-22,-1.6,1.5,,2.1,88,1007.6
2025-01-23,-3,5.7,,0,91,996.9
2025-01-24,-1.8,2.7,,10.2,97,990.6
2025-01-25,1.8,5.5,,8.9,69,986.4
2025-01-26,3.9,1.9,,0,84,1000.3
2025-01-27,1.5,3.2,,2,92,993.8
2025-01-28,0.9,2.5,,2.4,98,994.7
2025-01-29,2.3,2.6,,10.4,91,999.6
2025-01-30,2.6,1,,0,99,1005.6
