,ALLSKY_SFC_SW_DWN,TS,QV2M,PS
2020-01-01,0.15,-1.1,3.53,98.39
2020-01-02,0.22,0.78,4.15,97.39
2020-01-03,0.35,0.34,3.88,96.34
2020-01-04,0.37,-3.32,2.89,97.53
2020-01-05,0.12,-3.02,3.03,98.55
2020-01-06,0.29,-0.22,3.82,97.96
2020-01-07,0.23,1.19,4.28,97.44
2020-01-08,0.44,1.26,4.24,96.72
2020-01-09,0.21,-2.54,3.22,97.62
2020-01-10,0.44,-6.88,2.31,98.22
2020-01-11,0.1,-1.36,3.72,97.41
2020-01-12,0.49,-0.46,3.8,96.92
2020-01-13,0.45,-3.11,3.08,97.33
2020-01-14,0.23,1.18,4.32,95.94
2020-01-15,0.42,1.26,4.31,95.92
2020-01-16,0.5,1.31,4.21,97.64
2020-01-17,0.1,1.66,4.44,97.68
2020-01-18,0.23,0.62,4.18,97.27
2020-01-19,0.55,-3.47,2.9,99.41
2020-01-20,0.45,0.41,3.92,99.54
2020-01-21,0.5,0.35,3.9,98.87
2020-01-22,0.73,-3.76,2.91,99.31
2020-01-23,0.3,-1.65,3.46,98.44
2020-01-24,0.68,-1.0,3.64,97.48
2020-01-25,0.24,-0.76,3.67,97.55
2020-01-26,0.41,1.67,4.44,97.31
2020-01-27,0.13,1.93,4.54,96.64
2020-01-28,0.16,0.76,4.22,95.82
2020-01-29,0.39,-1.42,3.67,95.59
2020-01-30,0.37,-4.24,2.9,96.17
2020-01-31,0.24,-1.54,3.51,95.81
2020-02-01,0.45,0.97,4.34,94.94
2020-02-02,0.92,-3.07,3.12,95.99
2020-02-03,0.79,-5.29,2.55,96.75
2020-02-04,0.64,-4.92,2.52,97.41
2020-02-05,0.37,-3.23,3.03,98.47
2020-02-06,0.87,-0.53,3.78,98.66
2020-02-07,0.59,-2.28,3.43,99.1
2020-02-08,0.22,0.62,4.06,98.04
2020-02-09,0.23,2.01,4.64,94.97
2020-02-10,0.41,1.55,4.36,92.95
2020-02-11,1.17,-0.28,3.82,93.97
2020-02-12,1.23,-0.42,3.49,95.0
2020-02-13,1.57,-3.64,2.73,96.78
2020-02-14,1.21,-3.86,2.71,97.87
2020-02-15,0.89,1.31,4.31,97.12
2020-02-16,0.44,3.23,5.1,94.7
2020-02-17,0.92,3.12,4.52,94.81
2020-02-18,0.93,2.0,4.17,96.03
2020-02-19,1.84,-1.23,3.44,96.87
2020-02-20,0.26,0.43,4.11,96.56
2020-02-21,1.13,1.02,4.14,96.21
2020-02-22,1.51,2.8,4.44,95.03
2020-02-23,1.57,0.54,3.43,95.8
2020-02-24,1.9,-2.21,2.87,97.15
2020-02-25,1.1,-2.65,2.66,96.12
2020-02-26,2.26,-6.31,1.95,96.42
2020-02-27,1.7,-7.82,1.76,96.65
2020-02-28,1.42,-5.56,2.56,96.82
2020-02-29,0.49,-3.49,2.9,96.16
2020-03-01,0.63,-0.81,3.76,94.7
2020-03-02,1.26,0.57,4.15,95.65
2020-03-03,0.8,0.02,3.89,97.03
2020-03-04,0.92,-1.84,3.37,97.13
2020-03-05,2.4,-5.57,2.83,96.87
2020-03-06,1.63,-4.91,2.86,97.33
2020-03-07,1.25,-4.06,2.79,97.72
2020-03-08,0.44,1.1,4.3,96.52
2020-03-09,1.69,1.21,4.33,97.02
2020-03-10,0.82,1.2,4.31,96.1
2020-03-11,2.91,1.25,4.15,95.58
2020-03-12,1.82,0.36,3.84,95.23
2020-03-13,2.66,-1.71,2.53,97.17
2020-03-14,3.29,-2.77,2.31,98.51
2020-03-15,0.45,1.38,4.29,96.9
2020-03-16,2.98,1.12,3.8,97.89
2020-03-17,2.71,2.83,4.5,97.84
2020-03-18,3.29,2.79,4.07,97.62
2020-03-19,3.72,1.08,3.73,98.47
2020-03-20,3.87,-0.56,2.86,99.78
2020-03-21,3.99,-1.26,2.49,100.47
2020-03-22,2.82,-0.65,2.93,100.42
2020-03-23,2.17,1.21,3.48,99.95
2020-03-24,1.46,2.11,3.78,99.31
2020-03-25,2.69,3.62,4.42,99.06
2020-03-26,3.18,3.91,4.6,99.46
2020-03-27,2.8,2.29,3.94,99.44
2020-03-28,3.91,0.27,2.8,99.47
2020-03-29,3.93,-0.61,2.47,99.77
2020-03-30,3.72,-0.96,2.56,99.58
2020-03-31,4.22,1.62,3.47,98.77
2020-04-01,2.19,2.04,4.12,97.18
2020-04-02,3.48,0.99,3.39,95.32
2020-04-03,4.41,0.39,2.72,96.59
2020-04-04,3.53,0.17,2.84,98.45
2020-04-05,1.96,3.0,4.49,99.28
2020-04-06,4.7,4.72,4.6,98.83
2020-04-07,5.13,4.93,4.38,99.09
2020-04-08,2.59,4.28,4.54,98.76
2020-04-09,5.18,2.5,3.13,98.83
2020-04-10,5.45,2.54,3.03,99.28
2020-04-11,1.68,1.15,3.81,98.77
2020-04-12,3.23,4.23,4.2,97.12
2020-04-13,4.44,0.99,2.37,98.03
2020-04-14,2.85,1.84,3.6,98.16
2020-04-15,5.12,6.92,4.86,97.26
2020-04-16,4.9,4.5,3.44,97.96
2020-04-17,5.97,2.94,3.12,98.93
2020-04-18,5.67,3.63,3.47,99.24
2020-04-19,5.93,6.44,4.56,99.54
2020-04-20,5.86,8.3,5.08,99.94
2020-04-21,6.02,9.53,4.98,100.17
2020-04-22,6.02,10.33,5.16,99.85
2020-04-23,5.8,10.07,5.03,98.88
2020-04-24,4.29,6.8,4.47,98.01
2020-04-25,5.08,6.78,4.27,97.86
2020-04-26,4.97,6.45,5.14,97.56
2020-04-27,1.61,4.78,5.05,97.29
2020-04-28,3.08,2.91,3.84,97.58
2020-04-29,4.44,2.96,3.57,97.81
2020-04-30,3.41,3.59,3.9,97.54
2020-05-01,3.61,4.51,4.92,96.85
2020-05-02,5.31,6.62,5.19,97.0
2020-05-03,5.51,6.43,4.57,97.71
2020-05-04,5.21,4.86,3.66,98.47
2020-05-05,6.65,6.02,3.92,98.87
2020-05-06,6.33,7.57,4.42,98.46
2020-05-07,5.48,7.54,4.35,98.47
2020-05-08,5.91,7.54,4.48,97.85
2020-05-09,6.43,7.93,4.62,98.0
2020-05-10,3.46,4.07,3.78,97.51
2020-05-11,6.93,3.89,3.01,97.86
2020-05-12,4.55,3.2,3.03,97.28
2020-05-13,6.38,3.72,2.99,97.87
2020-05-14,6.25,3.8,3.58,97.87
2020-05-15,5.14,4.97,3.59,97.49
2020-05-16,3.93,4.35,3.45,97.18
2020-05-17,5.74,6.1,3.84,97.45
2020-05-18,6.28,7.17,4.29,98.03
2020-05-19,7.43,7.98,4.41,98.35
2020-05-20,7.63,8.57,4.49,99.13
2020-05-21,5.09,9.98,5.77,99.17
2020-05-22,3.14,10.35,6.52,98.68
2020-05-23,3.63,10.11,6.62,97.82
2020-05-24,3.81,9.45,6.62,97.81
2020-05-25,5.85,12.49,6.76,99.53
2020-05-26,5.91,12.27,6.93,99.86
2020-05-27,6.84,10.85,5.42,99.73
2020-05-28,7.28,11.31,5.33,99.93
2020-05-29,7.9,13.34,6.04,99.87
2020-05-30,7.95,14.46,7.48,100.0
2020-05-31,8.3,15.55,7.29,100.04
2020-06-01,8.11,17.28,7.59,99.6
2020-06-02,7.58,16.93,8.61,98.5
2020-06-03,7.07,15.18,8.3,97.65
2020-06-04,5.19,13.61,7.82,96.97
2020-06-05,1.78,11.49,7.5,96.24
2020-06-06,3.35,10.32,7.21,95.9
2020-06-07,4.17,9.86,6.79,96.89
2020-06-08,4.14,10.34,6.93,98.03
2020-06-09,5.55,12.23,7.25,98.63
2020-06-10,6.05,13.89,7.68,98.99
2020-06-11,7.25,17.05,9.26,99.27
2020-06-12,7.88,17.95,9.04,99.24
2020-06-13,6.52,16.49,8.64,99.3
2020-06-14,8.36,17.2,7.93,99.18
2020-06-15,8.16,19.65,8.67,98.7
2020-06-16,6.54,20.68,11.15,98.47
2020-06-17,6.36,19.47,11.04,98.33
2020-06-18,7.34,20.7,11.27,98.38
2020-06-19,7.38,21.43,12.0,98.46
2020-06-20,5.37,20.65,12.23,98.66
2020-06-21,2.25,17.61,11.78,98.68
2020-06-22,3.85,16.32,9.26,98.65
2020-06-23,7.88,18.41,10.06,99.08
2020-06-24,7.75,20.83,11.81,99.41
2020-06-25,8.11,20.18,11.09,99.4
2020-06-26,7.99,19.91,10.66,98.86
2020-06-27,6.52,21.49,11.73,98.08
2020-06-28,2.88,18.18,12.0,97.59
2020-06-29,6.16,15.15,8.52,97.39
2020-06-30,4.75,13.93,8.69,96.27
2020-07-01,5.63,12.68,7.25,96.55
2020-07-02,6.04,12.78,6.81,96.95
2020-07-03,4.98,10.9,6.48,97.36
2020-07-04,6.12,12.99,6.75,97.12
2020-07-05,2.43,13.54,8.76,95.94
2020-07-06,4.1,12.49,6.99,95.96
2020-07-07,5.46,10.6,6.19,97.23
2020-07-08,6.26,11.71,6.41,97.54
2020-07-09,6.01,12.99,6.54,97.93
2020-07-10,5.18,13.08,7.67,97.72
2020-07-11,6.1,13.57,7.04,97.96
2020-07-12,6.38,13.5,6.74,98.5
2020-07-13,5.9,13.37,7.29,98.56
2020-07-14,2.31,13.48,8.82,97.94
2020-07-15,4.7,14.95,8.93,97.95
2020-07-16,5.05,15.58,9.18,98.3
2020-07-17,4.86,15.27,9.26,98.38
2020-07-18,2.61,15.61,10.07,98.36
2020-07-19,1.9,15.44,10.22,98.15
2020-07-20,5.25,14.72,7.68,97.97
2020-07-21,4.98,12.59,7.09,98.3
2020-07-22,6.39,12.44,6.31,98.45
2020-07-23,6.95,12.9,6.45,98.05
2020-07-24,5.78,13.38,7.49,97.4
2020-07-25,5.98,14.14,8.23,97.54
2020-07-26,1.72,14.82,10.27,97.4
2020-07-27,4.96,15.17,8.99,97.95
2020-07-28,1.71,14.05,9.13,97.18
2020-07-29,3.09,13.51,8.58,96.99
2020-07-30,6.15,16.0,8.78,97.73
2020-07-31,6.33,17.79,9.55,98.67
2020-08-01,6.1,17.95,10.33,98.54
2020-08-02,1.8,16.23,10.49,97.58
2020-08-03,5.95,14.5,7.73,97.52
2020-08-04,5.84,13.85,7.41,97.83
2020-08-05,1.15,13.62,9.36,97.77
2020-08-06,3.99,16.97,10.32,98.72
2020-08-07,5.64,18.26,11.03,99.2
2020-08-08,5.14,18.99,11.64,99.03
2020-08-09,5.71,16.9,9.56,99.19
2020-08-10,3.31,16.76,9.79,99.36
2020-08-11,4.84,18.19,10.52,99.42
2020-08-12,5.81,19.02,11.28,99.1
2020-08-13,5.04,18.79,11.72,98.57
2020-08-14,5.81,18.91,11.54,98.28
2020-08-15,5.14,19.17,11.44,98.46
2020-08-16,5.51,18.65,11.3,98.52
2020-08-17,5.53,18.42,10.81,98.3
2020-08-18,4.75,18.41,11.08,97.87
2020-08-19,4.22,17.6,10.68,97.74
2020-08-20,4.3,17.74,10.86,97.86
2020-08-21,1.09,16.67,11.49,97.65
2020-08-22,3.56,16.41,10.39,97.03
2020-08-23,4.07,14.59,8.91,96.9
2020-08-24,5.68,11.59,6.15,97.46
2020-08-25,5.31,11.37,6.46,97.45
2020-08-26,3.22,11.34,7.13,97.26
2020-08-27,4.15,11.68,7.3,97.86
2020-08-28,4.03,12.18,7.67,97.81
2020-08-29,3.39,11.94,7.17,97.67
2020-08-30,3.86,10.12,6.98,98.03
2020-08-31,5.28,10.04,5.91,98.74
2020-09-01,5.15,10.59,6.45,99.13
2020-09-02,4.26,11.8,7.33,98.98
2020-09-03,3.19,11.88,7.79,98.16
2020-09-04,3.75,13.49,8.29,97.48
2020-09-05,3.84,10.83,7.08,97.21
2020-09-06,3.8,10.49,6.52,97.56
2020-09-07,4.17,10.89,6.5,98.07
2020-09-08,2.86,12.57,7.4,97.65
2020-09-09,2.64,10.97,6.95,97.35
2020-09-10,4.4,9.37,5.37,98.04
2020-09-11,2.02,8.52,6.31,97.71
2020-09-12,2.66,10.73,7.0,97.2
2020-09-13,1.73,9.36,6.81,97.87
2020-09-14,2.76,13.77,9.16,98.56
2020-09-15,2.32,14.38,9.33,98.79
2020-09-16,3.71,11.08,6.13,98.78
2020-09-17,3.43,8.97,5.49,99.72
2020-09-18,3.73,11.27,7.17,99.29
2020-09-19,3.72,9.87,6.22,99.33
2020-09-20,2.55,10.59,7.34,98.79
2020-09-21,2.33,11.78,7.77,97.94
2020-09-22,2.07,10.78,7.32,97.35
2020-09-23,0.77,12.79,9.35,96.72
2020-09-24,1.49,11.87,8.27,96.23
2020-09-25,1.28,8.66,6.45,97.21
2020-09-26,0.68,5.93,5.53,97.55
2020-09-27,0.83,8.85,6.86,98.45
2020-09-28,1.4,11.15,7.82,98.44
2020-09-29,0.85,10.81,8.24,98.43
2020-09-30,1.16,10.09,7.59,98.47
2020-10-01,0.76,10.33,7.45,98.33
2020-10-02,0.76,10.9,7.67,98.37
2020-10-03,0.57,10.52,7.62,98.07
2020-10-04,0.33,11.49,8.53,97.0
2020-10-05,1.78,10.18,7.51,97.37
2020-10-06,0.47,9.1,7.29,96.71
2020-10-07,1.16,9.38,7.48,96.84
2020-10-08,1.7,9.04,7.05,97.11
2020-10-09,2.27,7.9,5.81,97.33
2020-10-10,0.42,6.49,5.94,97.73
2020-10-11,1.35,6.81,5.65,98.03
2020-10-12,2.32,4.75,4.65,98.15
2020-10-13,2.09,3.8,4.53,99.0
2020-10-14,1.96,3.33,4.19,99.7
2020-10-15,2.04,4.17,4.62,99.47
2020-10-16,1.79,3.82,4.75,99.41
2020-10-17,1.74,3.12,4.46,98.41
2020-10-18,2.04,3.36,3.46,97.89
2020-10-19,1.53,1.26,3.56,98.29
2020-10-20,0.31,1.31,4.17,97.77
2020-10-21,0.59,3.84,5.38,96.85
2020-10-22,0.41,3.71,5.23,96.41
2020-10-23,0.94,1.66,4.13,97.15
2020-10-24,0.62,3.14,4.79,97.04
2020-10-25,0.37,8.17,7.07,96.35
2020-10-26,0.67,6.75,6.35,96.68
2020-10-27,0.44,6.89,6.42,96.41
2020-10-28,1.05,6.78,6.22,96.33
2020-10-29,1.31,4.56,5.41,97.08
2020-10-30,0.62,4.77,5.39,97.97
2020-10-31,0.63,4.5,5.3,98.3
2020-11-01,0.42,7.76,6.76,96.96
2020-11-02,0.49,8.9,7.45,95.56
2020-11-03,1.2,5.37,5.46,97.33
2020-11-04,1.04,4.12,4.84,98.24
2020-11-05,0.78,5.96,5.54,98.49
2020-11-06,0.85,5.81,5.69,99.22
2020-11-07,0.86,2.6,4.74,98.81
2020-11-08,0.72,1.17,4.22,99.2
2020-11-09,0.41,0.5,3.78,99.7
2020-11-10,0.31,1.51,4.28,99.82
2020-11-11,0.28,4.05,5.11,99.3
2020-11-12,0.3,3.4,4.86,98.76
2020-11-13,0.22,3.04,4.75,98.27
2020-11-14,0.63,4.56,5.4,97.81
2020-11-15,0.16,6.97,6.47,97.2
2020-11-16,0.27,6.96,6.45,96.6
2020-11-17,0.22,5.64,5.85,97.2
2020-11-18,0.28,7.33,6.63,96.9
2020-11-19,0.63,2.88,3.8,96.37
2020-11-20,0.72,-1.48,2.93,98.77
2020-11-21,0.33,1.97,4.46,97.23
2020-11-22,0.28,2.02,4.27,96.78
2020-11-23,0.62,0.59,3.94,97.75
2020-11-24,0.23,3.29,4.98,97.61
2020-11-25,0.25,5.69,5.94,97.45
2020-11-26,0.55,-0.47,3.73,98.14
2020-11-27,0.52,-3.5,2.94,98.93
2020-11-28,0.37,-4.07,2.88,99.58
2020-11-29,0.24,-6.49,2.36,99.55
2020-11-30,0.14,-3.7,3.11,98.12
2020-12-01,0.42,-3.54,3.11,98.76
2020-12-02,0.19,-2.22,3.43,98.5
2020-12-03,0.1,-1.08,3.55,97.12
2020-12-04,0.1,-1.99,3.31,96.91
2020-12-05,0.14,-1.32,3.51,97.35
2020-12-06,0.14,0.1,3.91,97.8
2020-12-07,0.13,0.55,4.04,97.7
2020-12-08,0.12,-0.16,3.82,98.03
2020-12-09,0.16,-2.99,3.21,98.41
2020-12-10,0.13,-1.15,3.53,98.24
2020-12-11,0.13,-2.33,3.22,97.76
2020-12-12,0.15,-2.72,3.13,97.84
2020-12-13,0.15,-2.59,3.2,98.06
2020-12-14,0.09,-1.23,3.52,97.72
2020-12-15,0.11,-0.39,3.88,97.33
2020-12-16,0.27,-7.01,2.39,98.07
2020-12-17,0.11,-1.06,3.63,97.93
2020-12-18,0.15,-4.7,3.07,97.88
2020-12-19,0.14,1.28,4.34,97.79
2020-12-20,0.14,2.22,4.66,97.78
2020-12-21,0.16,2.01,4.55,97.73
2020-12-22,0.12,1.19,4.28,96.91
2020-12-23,0.3,-1.66,3.37,97.27
2020-12-24,0.32,-5.04,2.39,98.04
2020-12-25,0.32,-7.67,1.87,98.59
2020-12-26,0.12,-3.21,3.01,97.04
2020-12-27,0.1,0.12,4.02,94.86
2020-12-28,0.1,-0.92,3.67,95.55
2020-12-29,0.09,-0.8,3.71,96.02
2020-12-30,0.11,-1.39,3.54,96.48
2020-12-31,0.12,-5.15,2.55,96.94
2021-01-01,0.19,-6.14,2.37,97.58
2021-01-02,0.2,-6.59,2.23,98.5
2021-01-03,0.31,-9.84,1.71,99.77
2021-01-04,0.28,-12.5,1.35,100.08
2021-01-05,0.22,-12.21,1.36,100.02
2021-01-06,0.24,-14.1,1.13,99.32
2021-01-07,0.21,-11.08,1.48,98.56
2021-01-08,0.22,-11.06,1.47,98.67
2021-01-09,0.27,-14.52,1.27,98.69
2021-01-10,0.42,-11.31,1.76,97.75
2021-01-11,0.16,-11.65,1.53,96.62
2021-01-12,0.17,-9.46,1.9,95.81
2021-01-13,0.2,-8.58,1.9,97.7
2021-01-14,0.23,-13.68,1.21,99.28
2021-01-15,0.5,-15.51,1.03,99.47
2021-01-16,0.51,-17.07,1.03,98.99
2021-01-17,0.19,-14.9,1.22,98.51
2021-01-18,0.16,-10.43,1.79,97.78
2021-01-19,0.25,-7.1,2.23,96.96
2021-01-20,0.22,-2.31,3.28,96.08
2021-01-21,0.22,-0.21,3.94,94.62
2021-01-22,0.16,-0.14,3.99,94.08
2021-01-23,0.67,-1.83,3.47,95.44
2021-01-24,0.26,-7.57,2.15,96.41
2021-01-25,0.42,-11.49,1.47,96.93
2021-01-26,0.78,-15.43,1.12,97.58
2021-01-27,0.8,-12.32,1.39,97.57
2021-01-28,0.9,-18.24,0.96,97.33
2021-01-29,0.89,-19.72,0.84,97.15
2021-01-30,0.93,-14.51,1.29,96.77
2021-01-31,0.96,-12.96,1.53,96.56
2021-02-01,0.57,-14.67,1.22,96.85
2021-02-02,0.55,-13.24,1.25,97.39
2021-02-03,1.01,-13.5,1.22,98.05
2021-02-04,1.09,-16.38,0.94,99.02
2021-02-05,1.13,-14.26,1.14,99.63
2021-02-06,1.11,-14.1,1.15,99.9
2021-02-07,0.99,-13.75,1.19,99.73
2021-02-08,1.02,-12.16,1.39,99.26
2021-02-09,1.01,-13.01,1.29,98.91
2021-02-10,0.96,-14.91,1.15,98.98
2021-02-11,1.47,-16.46,0.96,100.18
2021-02-12,1.22,-15.41,1.04,100.71
2021-02-13,1.54,-15.46,1.03,100.65
2021-02-14,1.6,-17.4,1.15,100.32
2021-02-15,0.48,-10.39,1.66,99.36
2021-02-16,0.37,-8.03,2.06,98.49
2021-02-17,0.45,-5.07,2.51,98.32
2021-02-18,0.39,-4.97,2.55,98.24
2021-02-19,0.49,-1.73,3.38,97.54
2021-02-20,0.25,0.0,3.87,97.75
2021-02-21,0.57,-0.14,3.86,97.9
2021-02-22,0.6,-1.7,3.59,98.49
2021-02-23,1.11,0.07,3.86,98.72
2021-02-24,0.81,0.74,4.1,98.17
2021-02-25,0.89,0.36,3.98,97.85
2021-02-26,2.19,0.19,3.8,98.67
2021-02-27,1.36,-1.94,3.31,99.79
2021-02-28,2.25,-1.21,3.51,99.84
2021-03-01,1.72,-1.15,3.39,99.57
2021-03-02,2.37,-0.5,3.63,99.72
2021-03-03,1.39,-0.95,3.47,99.02
2021-03-04,2.73,-2.94,2.72,98.91
2021-03-05,2.73,-4.01,2.57,99.12
2021-03-06,0.75,-1.59,3.31,98.3
2021-03-07,2.68,-3.43,2.74,98.48
2021-03-08,2.93,-5.46,2.35,98.91
2021-03-09,2.65,-2.73,3.02,98.53
2021-03-10,0.82,-3.71,2.66,98.2
2021-03-11,0.61,-1.37,3.56,95.18
2021-03-12,2.38,-1.68,3.57,95.07
2021-03-13,1.62,-1.91,3.43,95.58
2021-03-14,2.55,-2.07,3.55,96.11
2021-03-15,3.12,-1.01,3.53,97.32
2021-03-16,2.67,-1.59,3.29,98.58
2021-03-17,3.13,-4.61,2.62,99.27
2021-03-18,2.6,-2.03,3.13,99.06
2021-03-19,2.8,-1.33,3.08,99.45
2021-03-20,2.59,0.6,3.87,98.06
2021-03-21,2.82,0.28,3.21,98.05
2021-03-22,3.37,1.34,3.82,98.13
2021-03-23,3.48,2.78,4.22,98.13
2021-03-24,2.83,2.68,4.27,97.65
2021-03-25,2.3,1.82,4.01,97.71
2021-03-26,0.89,2.12,4.56,97.71
2021-03-27,1.19,2.52,4.6,97.39
2021-03-28,3.08,1.01,3.81,97.73
2021-03-29,2.19,4.21,5.02,97.56
2021-03-30,3.85,6.43,5.55,98.23
2021-03-31,1.44,2.76,4.26,98.66
2021-04-01,4.44,1.58,3.36,98.94
2021-04-02,4.07,1.96,3.3,98.78
2021-04-03,4.29,1.8,3.28,99.01
2021-04-04,2.85,3.04,3.95,96.84
2021-04-05,4.16,0.08,2.61,95.42
2021-04-06,3.99,1.21,2.93,95.88
2021-04-07,4.04,1.18,3.28,96.96
2021-04-08,3.95,0.47,2.97,97.15
2021-04-09,4.01,2.42,3.8,95.92
2021-04-10,5.12,0.95,2.97,97.51
2021-04-11,3.26,0.98,3.3,98.43
2021-04-12,2.28,0.82,3.71,98.05
2021-04-13,4.14,0.86,3.42,98.72
2021-04-14,5.0,0.88,3.21,99.58
2021-04-15,4.65,2.97,3.64,100.17
2021-04-16,5.26,3.97,4.02,100.08
2021-04-17,5.44,6.02,4.36,99.96
2021-04-18,5.68,6.65,4.29,99.77
2021-04-19,5.78,6.78,4.43,99.5
2021-04-20,5.82,7.14,4.96,98.48
2021-04-21,2.72,4.19,4.03,97.35
2021-04-22,5.67,3.76,3.01,98.26
2021-04-23,5.54,3.08,2.9,98.95
2021-04-24,5.3,2.09,2.76,99.3
2021-04-25,4.6,2.18,2.82,99.35
2021-04-26,6.39,2.75,2.93,98.94
2021-04-27,5.58,2.57,3.25,98.55
2021-04-28,5.07,3.57,3.46,98.21
2021-04-29,4.67,4.04,3.94,98.18
2021-04-30,5.91,4.4,3.39,98.23
2021-05-01,4.82,4.34,4.44,98.33
2021-05-02,5.06,5.41,4.42,98.16
2021-05-03,3.63,4.83,4.88,97.62
2021-05-04,2.63,3.9,4.54,96.76
2021-05-05,1.83,3.22,3.93,96.34
2021-05-06,5.02,3.8,3.42,96.78
2021-05-07,5.39,4.79,3.75,97.3
2021-05-08,5.76,6.26,4.25,97.67
2021-05-09,1.19,4.48,5.0,97.3
2021-05-10,1.51,8.24,6.9,97.26
2021-05-11,2.98,8.72,6.6,98.11
2021-05-12,1.77,9.01,7.04,97.74
2021-05-13,4.9,10.87,7.59,97.6
2021-05-14,4.02,12.34,8.41,97.37
2021-05-15,2.35,9.3,6.95,97.09
2021-05-16,2.81,8.72,6.21,97.18
2021-05-17,2.15,7.43,6.18,97.0
2021-05-18,4.27,9.09,6.53,97.38
2021-05-19,5.63,9.75,6.3,97.63
2021-05-20,5.43,9.92,6.24,97.63
2021-05-21,5.54,9.63,5.78,96.99
2021-05-22,3.8,8.52,6.45,96.72
2021-05-23,3.07,9.23,6.76,97.18
2021-05-24,4.33,9.23,6.24,98.09
2021-05-25,3.44,9.88,6.64,98.31
2021-05-26,1.81,9.6,6.72,97.93
2021-05-27,6.28,10.39,5.41,98.25
2021-05-28,8.13,12.78,6.55,98.73
2021-05-29,8.16,15.01,6.94,99.29
2021-05-30,8.12,17.08,8.83,99.42
2021-05-31,6.82,18.22,9.56,99.01
2021-06-01,7.06,16.86,9.16,99.18
2021-06-02,7.56,15.25,7.91,99.7
2021-06-03,7.46,15.54,7.76,99.69
2021-06-04,6.68,16.69,8.36,99.43
2021-06-05,6.68,18.15,8.83,99.15
2021-06-06,5.56,17.36,9.41,98.91
2021-06-07,3.81,16.31,9.79,98.87
2021-06-08,5.29,17.11,9.65,98.7
2021-06-09,6.99,17.56,9.54,98.49
2021-06-10,5.66,18.18,10.16,98.29
2021-06-11,4.81,16.79,10.27,97.76
2021-06-12,7.58,14.46,6.69,97.47
2021-06-13,7.24,14.22,6.87,98.42
2021-06-14,2.29,14.14,8.41,97.66
2021-06-15,7.9,13.71,6.4,98.06
2021-06-16,6.59,13.84,7.04,98.33
2021-06-17,5.93,16.75,9.33,98.38
2021-06-18,4.12,19.22,11.27,98.12
2021-06-19,3.26,17.3,11.39,98.0
2021-06-20,2.27,16.1,10.2,97.67
2021-06-21,2.77,15.92,9.65,97.5
2021-06-22,2.69,13.74,8.64,98.22
2021-06-23,7.06,16.6,8.61,98.64
2021-06-24,7.81,16.15,8.46,98.51
2021-06-25,6.54,16.07,8.58,98.36
2021-06-26,7.26,18.59,10.37,98.49
2021-06-27,2.99,17.85,10.87,98.29
2021-06-28,5.49,18.11,10.54,98.21
2021-06-29,5.98,18.41,10.17,98.0
2021-06-30,7.31,16.16,8.04,98.45
2021-07-01,4.61,17.0,8.87,98.67
2021-07-02,6.01,18.46,9.04,98.6
2021-07-03,7.97,20.07,10.18,98.38
2021-07-04,4.84,19.09,11.23,98.22
2021-07-05,4.86,18.06,12.12,98.0
2021-07-06,5.39,17.78,11.0,97.66
2021-07-07,5.65,17.29,9.94,98.04
2021-07-08,6.02,16.64,9.46,98.87
2021-07-09,4.79,16.8,9.89,99.03
2021-07-10,1.75,16.33,11.0,98.04
2021-07-11,6.43,17.73,10.05,98.24
2021-07-12,5.76,17.76,10.1,98.72
2021-07-13,6.64,19.11,9.95,98.63
2021-07-14,3.75,19.75,13.18,98.28
2021-07-15,6.39,20.8,11.46,98.23
2021-07-16,7.27,19.19,9.94,98.87
2021-07-17,6.98,18.93,9.6,98.51
2021-07-18,6.31,16.1,7.66,98.21
2021-07-19,7.18,16.29,8.41,98.47
2021-07-20,6.48,17.21,8.17,98.17
2021-07-21,7.01,16.18,8.13,98.86
2021-07-22,7.11,19.3,9.96,98.53
2021-07-23,6.83,18.49,9.43,98.68
2021-07-24,6.98,19.39,10.21,98.59
2021-07-25,6.41,19.68,10.72,98.58
2021-07-26,4.81,18.88,11.24,98.53
2021-07-27,1.28,17.66,12.1,98.06
2021-07-28,3.11,17.63,11.76,97.47
2021-07-29,1.99,15.17,10.34,96.75
2021-07-30,5.7,17.95,10.63,96.37
2021-07-31,2.81,15.71,10.61,96.42
2021-08-01,2.99,14.03,8.99,96.74
2021-08-02,5.53,13.05,6.63,97.5
2021-08-03,4.16,13.21,7.45,97.94
2021-08-04,5.22,14.52,8.53,98.22
2021-08-05,4.89,14.06,8.46,98.25
2021-08-06,4.72,15.29,8.77,98.04
2021-08-07,3.71,14.41,9.03,97.65
2021-08-08,4.41,15.05,8.76,97.32
2021-08-09,4.1,15.85,9.59,97.8
2021-08-10,4.82,16.07,9.4,98.06
2021-08-11,5.23,16.66,9.1,98.24
2021-08-12,3.55,16.01,10.06,98.5
2021-08-13,2.87,15.71,9.9,98.11
2021-08-14,4.09,13.97,8.45,97.34
2021-08-15,4.15,14.18,8.26,97.16
2021-08-16,3.79,13.15,8.88,97.18
2021-08-17,3.72,14.58,8.67,97.22
2021-08-18,3.45,13.6,8.12,96.58
2021-08-19,4.77,13.5,7.1,96.93
2021-08-20,4.79,12.86,6.65,97.78
2021-08-21,5.17,13.05,7.52,98.58
2021-08-22,5.34,12.97,7.92,98.97
2021-08-23,5.48,13.95,8.06,99.49
2021-08-24,3.4,14.72,9.13,99.3
2021-08-25,4.39,14.8,7.43,98.17
2021-08-26,3.21,12.41,6.4,98.69
2021-08-27,2.17,12.87,7.35,99.4
2021-08-28,4.09,13.85,7.95,99.38
2021-08-29,4.73,15.39,8.92,99.24
2021-08-30,5.15,15.66,9.32,99.25
2021-08-31,4.9,14.47,8.46,99.3
2021-09-01,4.45,14.59,8.26,99.35
2021-09-02,4.8,14.11,7.71,99.12
2021-09-03,3.99,11.98,6.76,98.76
2021-09-04,3.81,10.22,5.97,99.18
2021-09-05,3.07,12.58,7.6,99.21
2021-09-06,3.02,12.9,7.81,98.93
2021-09-07,2.81,14.69,9.22,98.64
2021-09-08,4.37,16.44,9.96,98.28
2021-09-09,3.79,16.06,10.13,98.05
2021-09-10,2.43,15.45,10.37,98.07
2021-09-11,0.96,14.78,10.44,97.8
2021-09-12,2.51,13.94,9.29,97.6
2021-09-13,4.09,10.89,6.41,98.48
2021-09-14,3.35,10.0,7.29,98.62
2021-09-15,2.39,10.4,7.77,98.71
2021-09-16,1.29,9.24,6.62,98.67
2021-09-17,1.6,8.43,5.73,98.95
2021-09-18,2.02,8.19,6.01,99.26
2021-09-19,1.57,8.13,5.68,99.44
2021-09-20,1.55,7.0,5.47,99.42
2021-09-21,1.77,9.69,6.71,98.8
2021-09-22,2.73,10.58,7.29,98.3
2021-09-23,2.18,9.77,6.94,96.5
2021-09-24,1.16,8.12,6.28,96.72
2021-09-25,3.46,8.91,5.78,97.57
2021-09-26,2.1,9.51,6.95,98.68
2021-09-27,0.99,10.56,7.73,98.63
2021-09-28,2.42,10.63,7.56,98.7
2021-09-29,0.75,9.41,7.35,98.81
2021-09-30,0.44,9.49,7.32,98.38
2021-10-01,0.65,10.29,7.86,97.61
2021-10-02,1.24,10.6,7.76,97.6
2021-10-03,0.5,10.91,8.29,96.68
2021-10-04,1.27,10.6,7.75,97.63
2021-10-05,1.37,10.29,7.75,98.06
2021-10-06,0.5,8.72,6.76,98.07
2021-10-07,1.34,9.39,6.86,99.28
2021-10-08,0.45,11.01,8.16,99.82
2021-10-09,1.3,10.7,7.72,99.79
2021-10-10,0.56,8.53,6.9,98.78
2021-10-11,2.14,5.83,5.02,97.91
2021-10-12,2.29,3.61,4.2,98.23
2021-10-13,1.32,2.81,4.2,98.33
2021-10-14,1.29,7.18,6.27,97.11
2021-10-15,1.5,5.44,4.63,96.89
2021-10-16,1.48,4.12,4.48,97.49
2021-10-17,2.11,1.35,3.54,98.22
2021-10-18,1.62,0.77,3.4,99.01
2021-10-19,0.34,1.38,4.15,97.94
2021-10-20,0.76,5.32,6.02,95.28
2021-10-21,1.78,4.09,4.69,94.79
2021-10-22,1.7,2.88,3.93,95.97
2021-10-23,1.72,3.04,4.1,98.37
2021-10-24,0.43,5.89,5.82,98.41
2021-10-25,0.35,7.8,6.77,97.73
2021-10-26,1.53,5.86,5.87,97.47
2021-10-27,1.14,7.64,6.81,97.15
2021-10-28,0.27,9.64,7.74,97.43
2021-10-29,0.38,9.04,7.29,97.39
2021-10-30,1.07,8.24,6.79,97.25
2021-10-31,1.1,7.27,6.47,96.96
2021-11-01,0.45,7.97,6.84,96.31
2021-11-02,0.49,7.24,6.5,96.75
2021-11-03,0.52,5.04,5.63,97.0
2021-11-04,0.73,1.68,4.49,97.54
2021-11-05,0.69,0.87,4.11,97.43
2021-11-06,0.8,1.79,4.29,97.4
2021-11-07,0.39,0.77,4.04,96.86
2021-11-08,0.48,-1.09,3.44,98.65
2021-11-09,0.24,2.8,4.84,98.1
2021-11-10,0.78,2.3,4.66,98.11
2021-11-11,0.8,1.65,4.28,97.92
2021-11-12,0.63,-0.86,3.57,98.51
2021-11-13,0.33,0.47,3.94,98.95
2021-11-14,0.38,-1.55,3.34,99.97
2021-11-15,0.32,1.16,4.23,99.64
2021-11-16,0.25,4.08,5.2,98.61
2021-11-17,0.42,3.12,4.95,97.33
2021-11-18,0.16,-0.77,3.74,97.31
2021-11-19,0.51,3.07,4.7,97.01
2021-11-20,0.16,0.65,4.04,97.35
2021-11-21,0.67,-2.05,3.21,97.91
2021-11-22,0.35,-2.34,3.25,98.35
2021-11-23,0.4,-0.75,3.64,98.37
2021-11-24,0.31,1.05,4.18,97.56
2021-11-25,0.49,-2.02,3.37,96.79
2021-11-26,0.47,-5.04,2.7,96.43
2021-11-27,0.35,-6.15,2.23,97.12
2021-11-28,0.33,-5.18,2.36,97.31
2021-11-29,0.39,-7.67,2.1,97.37
2021-11-30,0.28,-8.48,1.92,96.29
2021-12-01,0.26,-10.94,1.62,96.23
2021-12-02,0.38,-10.03,1.68,96.27
2021-12-03,0.31,-11.44,1.54,96.72
2021-12-04,0.23,-9.17,1.78,97.33
2021-12-05,0.26,-11.95,1.47,98.74
2021-12-06,0.26,-13.65,1.3,98.73
2021-12-07,0.22,-12.28,1.32,98.14
2021-12-08,0.1,-8.1,1.96,97.86
2021-12-09,0.14,-4.72,2.58,97.74
2021-12-10,0.17,-4.69,2.62,97.24
2021-12-11,0.14,-4.83,2.76,97.84
2021-12-12,0.16,-3.16,3.04,98.35
2021-12-13,0.15,-0.05,3.84,98.43
2021-12-14,0.22,-3.55,3.09,98.09
2021-12-15,0.25,0.12,3.91,97.87
2021-12-16,0.29,-1.56,3.52,99.14
2021-12-17,0.32,-2.27,3.3,100.04
2021-12-18,0.21,-0.56,3.72,99.36
2021-12-19,0.36,-1.9,3.21,98.97
2021-12-20,0.3,-5.08,2.86,99.4
2021-12-21,0.14,-7.76,2.3,99.1
2021-12-22,0.18,-7.12,2.32,98.87
2021-12-23,0.18,-10.66,1.87,97.42
2021-12-24,0.34,-12.3,1.33,97.17
2021-12-25,0.35,-9.59,1.74,97.48
2021-12-26,0.29,-11.63,1.69,97.77
2021-12-27,0.2,-13.67,1.54,97.78
2021-12-28,0.2,-11.11,1.61,97.03
2021-12-29,0.21,-12.84,1.54,97.13
2021-12-30,0.16,-4.76,2.85,96.35
2021-12-31,0.27,-4.91,2.77,96.85
2022-01-01,0.21,-7.51,2.11,98.23
2022-01-02,0.18,-2.32,3.37,96.59
2022-01-03,0.15,-2.0,3.47,95.5
2022-01-04,0.37,-4.32,2.92,94.96
2022-01-05,0.33,-6.74,2.29,95.92
2022-01-06,0.4,-13.82,1.63,97.66
2022-01-07,0.15,-9.23,1.88,97.06
2022-01-08,0.23,-7.76,2.05,96.77
2022-01-09,0.24,-6.03,2.38,97.29
2022-01-10,0.26,-6.16,2.32,99.26
2022-01-11,0.14,-1.57,3.45,99.24
2022-01-12,0.31,-3.43,3.05,98.75
2022-01-13,0.39,-0.28,3.81,97.99
2022-01-14,0.54,-2.05,3.16,98.59
2022-01-15,0.32,-7.03,2.24,98.78
2022-01-16,0.36,-2.81,3.24,96.93
2022-01-17,0.6,-4.54,2.51,98.18
2022-01-18,0.34,-4.16,2.86,99.0
2022-01-19,0.14,-1.05,3.57,96.95
2022-01-20,0.7,-5.26,2.2,97.85
2022-01-21,0.48,-5.57,2.49,98.71
2022-01-22,0.38,-5.38,2.79,99.05
2022-01-23,0.48,-4.97,2.93,99.11
2022-01-24,0.56,-2.29,3.23,98.75
2022-01-25,0.63,-4.89,2.74,99.05
2022-01-26,0.77,-0.76,3.67,97.59
2022-01-27,0.61,0.6,4.05,96.19
2022-01-28,0.56,-2.57,2.85,98.33
2022-01-29,0.5,0.65,4.0,95.34
2022-01-30,1.01,-1.86,2.86,97.26
2022-01-31,0.56,-8.01,2.0,97.44
2022-02-01,0.24,-7.9,2.07,96.36
2022-02-02,0.8,-9.39,1.97,97.12
2022-02-03,0.38,-9.79,1.82,97.35
2022-02-04,0.57,-1.06,3.69,95.81
2022-02-05,1.03,-2.03,3.4,95.72
2022-02-06,1.08,-2.46,3.31,94.81
2022-02-07,1.28,-3.33,3.07,96.6
2022-02-08,1.33,-1.01,3.6,96.92
2022-02-09,1.29,-0.38,3.63,96.88
2022-02-10,1.18,-1.58,3.28,97.06
2022-02-11,1.49,-5.26,2.28,98.27
2022-02-12,0.29,-1.2,3.59,97.82
2022-02-13,0.7,1.44,4.41,96.51
2022-02-14,0.29,-0.03,3.95,96.01
2022-02-15,1.23,-0.41,3.84,95.8
2022-02-16,1.27,-1.59,3.63,94.93
2022-02-17,1.44,-3.85,2.99,94.54
2022-02-18,1.79,-3.23,3.17,95.16
2022-02-19,1.64,-5.48,2.55,95.6
2022-02-20,1.34,-6.92,2.39,95.72
2022-02-21,0.89,-3.17,3.04,94.97
2022-02-22,1.1,-5.86,2.42,96.96
2022-02-23,1.65,-2.92,3.23,96.83
2022-02-24,1.49,-0.16,3.92,96.07
2022-02-25,1.9,-4.94,2.74,97.08
2022-02-26,1.59,-4.93,2.67,99.57
2022-02-27,2.14,-0.01,3.76,99.94
2022-02-28,1.31,0.21,3.75,99.61
2022-03-01,1.67,0.35,3.88,99.18
2022-03-02,2.55,-2.01,3.21,99.22
2022-03-03,2.48,-4.1,2.87,99.38
2022-03-04,2.66,-3.8,2.93,99.41
2022-03-05,2.64,-3.6,2.73,99.18
2022-03-06,2.85,-2.6,2.8,99.33
2022-03-07,2.42,-1.72,3.12,99.19
2022-03-08,2.1,-3.51,2.65,99.14
2022-03-09,1.56,-4.34,2.79,99.4
2022-03-10,0.74,-1.39,3.35,99.75
2022-03-11,2.12,-0.69,3.49,99.68
2022-03-12,3.0,-2.84,2.97,99.33
2022-03-13,2.91,-1.53,3.22,99.39
2022-03-14,3.18,-0.78,3.29,99.5
2022-03-15,2.95,-0.55,3.47,99.24
2022-03-16,1.12,0.28,3.68,99.6
2022-03-17,0.58,0.63,3.9,99.32
2022-03-18,3.69,0.52,3.63,100.4
2022-03-19,3.61,0.57,3.67,101.41
2022-03-20,3.7,0.7,3.71,101.07
2022-03-21,3.62,0.01,3.32,100.48
2022-03-22,3.16,0.52,3.63,100.0
2022-03-23,3.85,1.66,3.67,99.9
2022-03-24,3.16,3.86,4.58,99.32
2022-03-25,1.56,4.73,4.87,98.82
2022-03-26,3.97,1.56,3.27,99.55
2022-03-27,2.57,3.36,4.22,99.01
2022-03-28,3.6,3.67,3.49,97.85
2022-03-29,3.14,-0.44,2.75,97.75
2022-03-30,4.64,-1.2,2.26,97.87
2022-03-31,4.03,-0.71,2.56,98.07
2022-04-01,3.78,-0.95,2.44,98.57
2022-04-02,4.74,0.11,2.72,98.55
2022-04-03,2.82,1.11,3.46,97.46
2022-04-04,2.03,0.15,3.6,95.51
2022-04-05,4.41,-0.92,2.59,95.97
2022-04-06,2.9,-0.66,2.59,95.82
2022-04-07,2.37,0.2,3.15,94.88
2022-04-08,3.72,-0.26,2.3,94.89
2022-04-09,2.98,1.44,3.21,95.51
2022-04-10,5.09,3.26,3.42,96.87
2022-04-11,5.16,1.99,3.06,98.16
2022-04-12,4.06,1.93,3.44,98.88
2022-04-13,0.64,1.66,4.1,98.74
2022-04-14,1.39,3.32,4.47,98.69
2022-04-15,5.65,4.64,3.93,99.83
2022-04-16,5.65,5.7,4.41,100.07
2022-04-17,5.13,5.07,4.66,99.61
2022-04-18,5.18,4.79,4.7,99.0
2022-04-19,5.82,6.44,4.6,98.92
2022-04-20,5.92,8.31,5.44,99.24
2022-04-21,5.29,8.7,5.82,99.33
2022-04-22,5.99,9.6,6.15,99.16
2022-04-23,5.15,7.87,5.05,99.02
2022-04-24,4.35,5.12,3.84,98.75
2022-04-25,5.93,7.91,5.01,98.28
2022-04-26,4.01,5.73,4.19,98.77
2022-04-27,3.42,3.52,3.95,99.37
2022-04-28,4.56,5.44,4.06,99.34
2022-04-29,5.15,5.62,3.94,99.56
2022-04-30,4.28,6.91,4.25,99.27
2022-05-01,4.78,7.8,4.74,98.97
2022-05-02,5.07,7.38,4.4,98.11
2022-05-03,6.43,5.81,3.65,98.53
2022-05-04,4.77,6.16,4.55,98.42
2022-05-05,5.57,9.01,5.42,98.24
2022-05-06,6.44,9.85,6.14,98.32
2022-05-07,6.51,8.65,4.52,98.54
2022-05-08,7.35,6.72,3.72,99.56
2022-05-09,6.6,9.14,5.17,99.19
2022-05-10,1.3,9.03,6.93,97.5
2022-05-11,3.4,8.47,6.12,96.78
2022-05-12,5.81,9.08,5.11,96.88
2022-05-13,4.64,8.44,5.74,97.19
2022-05-14,6.65,9.41,4.98,97.67
2022-05-15,5.17,10.16,5.52,98.72
2022-05-16,7.38,8.81,4.43,99.22
2022-05-17,7.73,9.54,4.93,99.39
2022-05-18,4.59,10.04,6.08,99.1
2022-05-19,3.01,11.33,7.76,98.51
2022-05-20,5.01,12.91,7.74,98.12
2022-05-21,2.6,9.61,6.88,97.93
2022-05-22,4.75,11.58,6.79,98.09
2022-05-23,4.54,11.63,6.93,97.77
2022-05-24,2.36,11.58,7.73,97.12
2022-05-25,5.23,11.7,6.82,97.16
2022-05-26,4.65,10.45,6.15,96.96
2022-05-27,4.97,8.8,5.1,97.02
2022-05-28,4.75,10.49,5.45,97.53
2022-05-29,5.1,8.52,5.09,97.72
2022-05-30,4.77,11.14,7.17,98.09
2022-05-31,5.02,11.54,7.14,98.17
2022-06-01,4.62,11.27,7.84,97.75
2022-06-02,3.93,11.41,7.63,97.88
2022-06-03,5.91,11.95,7.0,98.36
2022-06-04,7.28,14.01,7.59,98.86
2022-06-05,8.26,14.11,6.81,98.79
2022-06-06,7.66,15.66,8.32,98.49
2022-06-07,3.84,14.77,9.24,97.96
2022-06-08,4.29,14.11,8.69,97.27
2022-06-09,4.36,14.54,8.71,97.88
2022-06-10,4.56,14.81,8.86,98.24
2022-06-11,5.61,14.46,8.09,98.11
2022-06-12,5.21,13.66,8.0,97.77
2022-06-13,7.3,13.81,6.85,97.67
2022-06-14,7.29,14.88,7.32,98.24
2022-06-15,5.98,14.44,8.98,98.47
2022-06-16,6.38,15.54,8.64,98.5
2022-06-17,5.8,14.79,8.69,98.37
2022-06-18,8.16,14.04,6.84,97.54
2022-06-19,7.08,12.79,6.25,97.72
2022-06-20,7.6,15.55,7.9,97.9
2022-06-21,5.62,14.91,8.52,97.57
2022-06-22,5.81,15.63,9.32,97.6
2022-06-23,7.1,17.98,9.95,97.88
2022-06-24,8.14,18.24,10.26,98.11
2022-06-25,5.69,19.59,11.86,98.17
2022-06-26,2.72,18.92,12.15,98.52
2022-06-27,2.56,19.4,12.9,98.44
2022-06-28,5.45,17.65,10.45,98.38
2022-06-29,8.03,17.51,9.2,98.79
2022-06-30,7.89,20.2,9.68,98.59
2022-07-01,4.47,19.67,12.58,98.14
2022-07-02,5.55,17.6,9.79,98.17
2022-07-03,4.37,15.56,9.74,98.32
2022-07-04,5.7,14.8,8.81,97.79
2022-07-05,6.62,14.83,7.71,97.81
2022-07-06,6.77,13.69,7.0,97.94
2022-07-07,7.57,15.36,7.73,98.13
2022-07-08,7.21,15.53,7.62,98.59
2022-07-09,6.31,14.45,6.75,98.18
2022-07-10,7.06,14.41,6.96,98.55
2022-07-11,6.34,16.08,8.5,98.84
2022-07-12,5.43,16.95,9.62,98.62
2022-07-13,5.57,16.07,8.38,97.71
2022-07-14,4.89,14.15,7.11,97.66
2022-07-15,6.95,13.34,6.57,97.87
2022-07-16,6.86,14.41,7.24,98.25
2022-07-17,5.32,14.63,8.06,98.66
2022-07-18,4.78,16.39,9.33,98.4
2022-07-19,6.4,17.18,8.89,98.66
2022-07-20,6.2,19.12,11.36,98.54
2022-07-21,4.27,20.24,12.77,98.2
2022-07-22,1.46,15.68,9.89,98.37
2022-07-23,5.47,14.87,9.01,98.32
2022-07-24,3.19,14.9,9.51,98.03
2022-07-25,1.44,16.46,11.05,97.15
2022-07-26,4.43,15.89,9.09,96.87
2022-07-27,6.53,15.2,7.31,97.98
2022-07-28,6.39,15.12,7.91,98.83
2022-07-29,6.42,16.78,9.09,99.03
2022-07-30,6.43,16.01,8.76,98.7
2022-07-31,3.96,16.6,9.66,98.19
2022-08-01,5.35,15.76,8.97,97.9
2022-08-02,2.68,12.71,8.2,98.0
2022-08-03,2.88,17.17,11.51,97.53
2022-08-04,2.73,15.75,9.93,97.89
2022-08-05,5.58,15.0,7.56,97.95
2022-08-06,5.77,13.64,6.79,98.31
2022-08-07,4.81,12.2,7.31,98.77
2022-08-08,5.21,15.62,9.08,99.12
2022-08-09,4.58,15.46,9.28,99.49
2022-08-10,5.97,17.97,10.57,99.18
2022-08-11,6.43,17.93,10.3,98.98
2022-08-12,6.35,17.73,9.86,99.06
2022-08-13,6.15,17.96,10.72,98.85
2022-08-14,5.5,18.41,11.12,98.51
2022-08-15,4.66,20.05,12.4,97.99
2022-08-16,2.38,19.78,13.5,97.68
2022-08-17,4.5,18.88,12.17,97.79
2022-08-18,2.41,16.24,10.77,98.25
2022-08-19,4.45,16.95,9.92,98.12
2022-08-20,5.16,16.25,9.28,97.82
2022-08-21,3.4,14.56,9.0,97.82
2022-08-22,5.46,13.5,7.39,98.53
2022-08-23,5.3,13.5,7.79,99.04
2022-08-24,3.69,15.44,9.0,99.29
2022-08-25,5.06,16.82,9.9,99.25
2022-08-26,2.52,15.34,10.31,98.61
2022-08-27,3.37,16.81,10.29,98.41
2022-08-28,3.35,14.14,8.71,98.82
2022-08-29,5.43,12.92,7.46,99.32
2022-08-30,4.5,11.24,6.78,99.63
2022-08-31,5.02,11.86,6.73,99.7
2022-09-01,5.17,12.4,7.1,99.45
2022-09-02,2.06,11.66,8.05,99.26
2022-09-03,2.0,11.41,8.02,99.27
2022-09-04,2.27,10.52,7.47,99.72
2022-09-05,4.26,12.39,7.64,99.94
2022-09-06,4.46,12.47,7.76,99.43
2022-09-07,3.99,12.2,7.65,99.0
2022-09-08,2.64,10.56,6.82,99.08
2022-09-09,2.51,10.95,6.57,98.82
2022-09-10,1.59,12.05,7.25,98.73
2022-09-11,3.27,12.2,7.82,98.6
2022-09-12,1.7,12.05,8.7,97.93
2022-09-13,1.97,11.8,8.36,96.28
2022-09-14,2.78,11.27,6.92,96.35
2022-09-15,3.53,10.64,6.35,96.17
2022-09-16,2.9,11.26,6.44,96.53
2022-09-17,3.26,10.21,5.97,96.97
2022-09-18,3.41,10.17,6.01,97.44
2022-09-19,3.56,9.0,5.29,98.22
2022-09-20,3.88,7.14,4.68,98.93
2022-09-21,3.25,7.01,5.74,99.16
2022-09-22,1.68,9.79,7.23,98.74
2022-09-23,0.78,10.45,7.95,98.08
2022-09-24,2.08,8.92,6.78,98.19
2022-09-25,2.65,8.82,6.28,97.67
2022-09-26,0.93,8.64,6.95,96.32
2022-09-27,1.02,9.76,7.52,96.58
2022-09-28,1.21,10.17,7.19,97.3
2022-09-29,1.65,7.04,5.6,97.72
2022-09-30,2.44,6.85,5.79,97.55
2022-10-01,0.7,8.86,7.18,96.81
2022-10-02,1.45,7.72,6.46,97.43
2022-10-03,2.91,7.04,5.51,98.46
2022-10-04,1.15,7.6,6.7,97.88
2022-10-05,0.47,11.14,8.55,96.72
2022-10-06,1.82,8.86,6.36,97.22
2022-10-07,0.97,9.69,7.48,97.19
2022-10-08,2.48,6.73,5.32,97.42
2022-10-09,1.96,6.49,5.64,98.3
2022-10-10,0.83,8.72,6.95,97.54
2022-10-11,2.45,4.83,4.57,98.07
2022-10-12,1.71,5.0,5.33,98.58
2022-10-13,0.48,7.91,6.96,97.97
2022-10-14,1.46,6.76,6.02,97.57
2022-10-15,1.83,8.3,6.54,96.92
2022-10-16,0.51,7.29,6.48,96.96
2022-10-17,0.55,5.66,5.61,98.41
2022-10-18,1.21,5.02,5.32,98.71
2022-10-19,1.99,1.86,4.05,99.52
2022-10-20,0.98,2.61,4.48,99.02
2022-10-21,0.57,2.75,4.33,98.42
2022-10-22,0.81,2.7,4.67,97.99
2022-10-23,0.54,2.08,4.39,98.06
2022-10-24,0.35,4.22,5.19,97.59
2022-10-25,0.72,4.43,5.43,97.18
2022-10-26,0.74,3.6,5.2,98.03
2022-10-27,0.84,7.47,6.65,98.27
2022-10-28,0.51,8.48,7.29,97.98
2022-10-29,1.24,7.71,6.27,97.75
2022-10-30,0.74,3.8,5.13,98.37
2022-10-31,0.95,6.62,6.39,98.33
2022-11-01,0.4,6.26,6.3,97.93
2022-11-02,0.42,7.95,6.89,97.42
2022-11-03,0.22,7.41,6.58,97.37
2022-11-04,0.32,6.79,6.27,97.28
2022-11-05,0.52,6.58,6.29,97.07
2022-11-06,0.49,5.39,5.73,97.06
2022-11-07,0.33,5.17,5.69,96.64
2022-11-08,0.22,2.9,4.89,96.93
2022-11-09,0.55,7.75,6.86,96.56
2022-11-10,0.34,6.4,6.16,97.31
2022-11-11,0.58,10.06,7.82,97.51
2022-11-12,0.91,6.36,6.11,99.1
2022-11-13,0.37,2.93,4.82,99.68
2022-11-14,0.32,4.51,5.15,99.19
2022-11-15,0.2,3.0,4.58,98.78
2022-11-16,0.38,0.46,3.77,98.72
2022-11-17,0.36,-1.0,3.13,98.5
2022-11-18,0.26,-1.33,3.1,98.86
2022-11-19,0.47,-2.85,2.49,99.06
2022-11-20,0.25,-3.47,2.41,98.33
2022-11-21,0.22,-2.89,2.7,97.48
2022-11-22,0.31,-2.69,2.99,97.51
2022-11-23,0.18,-1.02,3.5,97.65
2022-11-24,0.23,-1.19,3.49,97.99
2022-11-25,0.19,-0.78,3.59,98.61
2022-11-26,0.2,-0.91,3.54,99.19
2022-11-27,0.13,0.33,3.91,99.05
2022-11-28,0.17,0.16,3.85,99.01
2022-11-29,0.19,-0.82,3.55,99.53
2022-11-30,0.2,-3.84,2.92,99.96
2022-12-01,0.25,-6.9,2.15,100.3
2022-12-02,0.2,-4.87,2.49,100.48
2022-12-03,0.24,-6.21,2.29,100.36
2022-12-04,0.17,-8.64,1.82,100.22
2022-12-05,0.28,-13.84,1.28,99.57
2022-12-06,0.34,-6.63,2.22,98.35
2022-12-07,0.37,-12.48,1.41,97.61
2022-12-08,0.23,-12.5,1.37,96.99
2022-12-09,0.2,-10.72,1.54,97.62
2022-12-10,0.28,-12.81,1.35,98.18
2022-12-11,0.25,-13.06,1.26,98.31
2022-12-12,0.26,-13.77,1.19,98.45
2022-12-13,0.2,-16.61,0.99,97.51
2022-12-14,0.25,-20.02,0.73,96.72
2022-12-15,0.25,-14.25,1.24,97.31
2022-12-16,0.18,-16.12,1.09,98.07
2022-12-17,0.13,-9.69,1.8,98.08
2022-12-18,0.33,-4.81,2.89,98.48
2022-12-19,0.12,-5.8,2.52,98.18
2022-12-20,0.16,-2.9,3.19,96.9
2022-12-21,0.2,-5.73,2.81,96.65
2022-12-22,0.14,-3.9,3.04,96.18
2022-12-23,0.35,-10.96,1.67,97.02
2022-12-24,0.28,-18.0,0.89,97.91
2022-12-25,0.15,-11.31,1.71,97.92
2022-12-26,0.1,-0.28,3.85,96.71
2022-12-27,0.3,-4.88,2.72,96.99
2022-12-28,0.15,-12.02,1.46,97.18
2022-12-29,0.12,-3.0,3.2,95.49
2022-12-30,0.21,-0.19,3.9,95.94
2022-12-31,0.31,-1.46,3.69,95.6
2023-01-01,0.26,-10.59,1.58,97.33
2023-01-02,0.2,-10.57,1.53,97.84
2023-01-03,0.38,-16.45,1.02,98.64
2023-01-04,0.1,-9.41,1.76,97.61
2023-01-05,0.17,-6.88,2.15,98.19
2023-01-06,0.15,-6.96,2.14,97.92
2023-01-07,0.15,-5.11,2.83,97.43
2023-01-08,0.21,0.32,4.05,96.44
2023-01-09,0.17,0.35,4.06,96.35
2023-01-10,0.33,-4.78,2.89,97.04
2023-01-11,0.39,0.81,4.23,95.92
2023-01-12,0.33,0.1,4.1,95.95
2023-01-13,0.23,-1.29,3.65,95.73
2023-01-14,0.29,-3.05,3.11,96.21
2023-01-15,0.24,-3.33,3.23,94.28
2023-01-16,0.43,-6.58,2.5,95.15
2023-01-17,0.14,-0.72,3.78,95.09
2023-01-18,0.28,-5.03,2.75,95.44
2023-01-19,0.25,-7.36,2.27,96.68
2023-01-20,0.48,-10.56,1.64,98.47
2023-01-21,0.43,-20.75,0.83,100.23
2023-01-22,0.4,-22.11,0.7,100.46
2023-01-23,0.22,-10.44,1.96,100.19
2023-01-24,0.28,-1.55,3.43,99.64
2023-01-25,0.25,-0.49,3.72,98.51
2023-01-26,0.83,-4.34,2.78,99.29
2023-01-27,0.68,-9.34,1.93,99.4
2023-01-28,0.72,-4.23,2.91,98.38
2023-01-29,0.23,0.22,4.01,96.73
2023-01-30,0.82,-0.75,3.61,95.79
2023-01-31,0.52,-5.56,2.57,96.41
2023-02-01,0.53,-8.22,2.15,96.28
2023-02-02,1.08,-11.99,1.49,98.09
2023-02-03,0.6,-8.58,1.9,98.27
2023-02-04,0.98,-10.75,1.79,100.24
2023-02-05,0.94,-3.62,2.89,99.94
2023-02-06,0.63,-6.8,2.49,100.3
2023-02-07,0.69,-3.53,3.05,99.83
2023-02-08,0.59,-2.51,3.28,99.38
2023-02-09,1.14,0.43,3.91,97.7
2023-02-10,0.57,-3.72,2.79,98.06
2023-02-11,1.01,-0.87,3.66,98.39
2023-02-12,0.98,-0.44,3.73,99.35
2023-02-13,1.25,-1.07,3.63,99.65
2023-02-14,1.25,-4.94,2.84,99.79
2023-02-15,0.55,-3.25,3.27,98.86
2023-02-16,0.87,0.28,3.97,97.86
2023-02-17,0.37,0.39,4.09,96.04
2023-02-18,1.85,-3.08,3.02,97.02
2023-02-19,1.53,-6.19,2.41,97.71
2023-02-20,1.71,-0.04,3.91,95.82
2023-02-21,1.94,-3.65,3.17,97.65
2023-02-22,0.73,-3.46,2.91,98.3
2023-02-23,1.53,-4.03,2.87,97.61
2023-02-24,0.95,-3.51,2.96,96.63
2023-02-25,2.21,-4.43,2.68,97.96
2023-02-26,1.54,-2.97,3.07,99.18
2023-02-27,2.24,-2.25,3.26,99.76
2023-02-28,2.3,-2.39,3.15,99.92
2023-03-01,2.43,-2.18,3.2,99.85
2023-03-02,2.36,-3.14,2.97,99.22
2023-03-03,1.26,-2.03,3.2,98.38
2023-03-04,2.48,-4.7,2.31,98.22
2023-03-05,2.77,-6.01,2.31,97.39
2023-03-06,2.75,-8.4,2.07,96.77
2023-03-07,1.44,-10.11,1.65,95.97
2023-03-08,2.98,-9.2,1.72,96.02
2023-03-09,3.03,-9.61,1.61,96.29
2023-03-10,2.83,-11.39,1.49,96.69
2023-03-11,2.84,-9.95,1.81,96.55
2023-03-12,2.28,-7.64,1.98,96.87
2023-03-13,0.43,-3.78,2.89,94.88
2023-03-14,2.51,-5.29,2.61,95.1
2023-03-15,3.49,-7.27,2.35,97.08
2023-03-16,1.98,-6.85,2.4,98.41
2023-03-17,0.57,-0.66,3.66,97.37
2023-03-18,1.44,-1.02,3.77,97.62
2023-03-19,1.01,-1.69,3.62,98.0
2023-03-20,2.04,-0.74,3.87,97.68
2023-03-21,1.18,-2.61,3.54,97.7
2023-03-22,0.72,0.17,4.0,96.2
2023-03-23,1.03,1.15,4.32,95.92
2023-03-24,0.82,1.12,4.35,95.7
2023-03-25,1.99,-0.52,3.7,96.12
2023-03-26,2.88,-4.24,2.47,97.16
2023-03-27,4.13,-5.44,2.16,97.88
2023-03-28,4.36,-5.45,2.19,98.44
2023-03-29,1.81,-3.98,2.84,98.03
2023-03-30,1.65,-4.71,2.65,97.57
2023-03-31,3.58,-2.23,3.02,97.41
2023-04-01,4.69,-3.09,2.84,98.38
2023-04-02,4.77,-1.81,3.13,99.74
2023-04-03,4.22,-1.19,3.26,100.15
2023-04-04,4.5,-1.09,3.31,99.66
2023-04-05,4.16,-1.02,3.48,99.23
2023-04-06,1.4,-0.72,3.43,99.05
2023-04-07,4.05,-0.51,3.55,99.65
2023-04-08,4.79,0.86,3.61,100.02
2023-04-09,3.93,2.88,4.03,99.72
2023-04-10,2.51,3.74,4.43,98.85
2023-04-11,1.24,3.61,4.92,97.32
2023-04-12,3.0,5.07,4.96,97.46
2023-04-13,1.09,5.1,5.49,97.45
2023-04-14,1.64,3.76,4.84,98.45
2023-04-15,1.57,1.89,4.29,99.07
2023-04-16,3.27,4.03,4.61,99.55
2023-04-17,5.46,4.73,4.42,100.16
2023-04-18,5.39,5.64,4.33,100.69
2023-04-19,5.61,6.32,4.38,100.53
2023-04-20,5.65,7.43,4.71,100.05
2023-04-21,5.79,7.44,4.82,99.33
2023-04-22,5.86,7.96,5.07,98.09
2023-04-23,1.11,5.27,5.48,97.07
2023-04-24,0.86,2.17,4.33,96.94
2023-04-25,1.71,1.07,3.98,96.82
2023-04-26,3.76,1.09,3.73,97.23
2023-04-27,4.86,2.14,3.62,97.81
2023-04-28,5.91,3.36,3.41,98.4
2023-04-29,4.86,3.67,3.9,97.77
2023-04-30,6.41,3.4,3.35,98.38
2023-05-01,2.11,1.89,3.92,97.86
2023-05-02,6.02,4.13,4.01,98.43
2023-05-03,5.23,5.05,3.94,99.33
2023-05-04,6.05,4.09,3.25,99.83
2023-05-05,7.17,4.42,3.47,99.81
2023-05-06,7.26,4.5,3.67,99.63
2023-05-07,6.9,6.25,4.21,99.6
2023-05-08,6.64,7.39,4.74,99.47
2023-05-09,5.17,9.33,5.74,98.63
2023-05-10,6.24,10.51,6.24,98.35
2023-05-11,3.13,10.35,6.72,98.79
2023-05-12,5.91,12.55,7.16,99.32
2023-05-13,5.55,12.05,6.84,99.35
2023-05-14,5.84,12.08,6.53,98.96
2023-05-15,5.06,11.55,7.51,98.15
2023-05-16,3.67,10.58,6.57,97.58
2023-05-17,6.33,7.9,4.17,98.29
2023-05-18,7.65,8.94,4.63,99.4
2023-05-19,5.5,10.57,6.57,99.71
2023-05-20,7.04,12.71,7.1,99.78
2023-05-21,7.35,14.18,6.73,99.41
2023-05-22,5.8,15.26,7.99,98.93
2023-05-23,3.5,13.35,8.21,98.28
2023-05-24,6.07,12.89,6.74,98.5
2023-05-25,7.55,10.28,4.86,98.89
2023-05-26,7.29,10.06,4.83,99.18
2023-05-27,6.42,11.18,6.33,98.89
2023-05-28,7.31,10.36,5.07,98.52
2023-05-29,6.14,10.21,5.19,98.97
2023-05-30,8.08,13.43,6.99,99.26
2023-05-31,7.49,13.77,6.5,98.76
2023-06-01,7.58,10.54,4.89,98.87
2023-06-02,8.19,10.23,4.86,99.23
2023-06-03,6.88,13.34,6.96,98.89
2023-06-04,7.99,13.99,6.67,99.04
2023-06-05,7.69,15.79,8.03,98.78
2023-06-06,7.7,14.92,7.46,98.76
2023-06-07,7.83,16.07,8.77,98.78
2023-06-08,7.84,14.18,7.03,98.85
2023-06-09,7.9,14.3,7.34,99.33
2023-06-10,8.06,14.26,6.83,99.59
2023-06-11,8.35,15.0,7.73,99.5
2023-06-12,7.93,15.84,7.95,99.27
2023-06-13,6.45,18.69,8.94,99.05
2023-06-14,6.71,20.07,10.27,99.07
2023-06-15,6.32,21.59,10.88,98.9
2023-06-16,6.88,22.01,11.02,98.59
2023-06-17,6.91,21.59,10.37,98.47
2023-06-18,2.14,17.06,11.03,98.57
2023-06-19,3.49,17.93,10.65,98.37
2023-06-20,2.9,18.12,11.38,98.4
2023-06-21,2.33,17.71,12.04,98.04
2023-06-22,7.41,17.91,9.04,98.19
2023-06-23,8.18,17.75,8.07,98.49
2023-06-24,7.44,18.55,10.0,98.78
2023-06-25,7.71,19.84,10.96,98.72
2023-06-26,5.98,19.08,11.01,97.96
2023-06-27,5.4,18.93,10.63,97.72
2023-06-28,7.55,19.82,10.63,98.1
2023-06-29,4.31,18.98,11.18,97.73
2023-06-30,5.08,18.06,10.49,97.02
2023-07-01,5.98,16.01,8.69,96.58
2023-07-02,4.8,15.22,9.41,95.83
2023-07-03,4.83,14.14,9.29,95.85
2023-07-04,3.66,14.32,8.67,96.49
2023-07-05,6.34,15.19,8.73,97.53
2023-07-06,3.64,13.92,9.2,97.61
2023-07-07,6.25,16.74,9.29,98.48
2023-07-08,5.99,18.47,9.58,99.1
2023-07-09,7.04,20.05,10.45,99.11
2023-07-10,3.87,17.98,10.88,98.61
2023-07-11,3.21,15.74,10.04,98.06
2023-07-12,2.16,15.11,10.14,97.3
2023-07-13,6.1,15.72,9.27,97.26
2023-07-14,7.38,15.72,8.08,97.87
2023-07-15,1.58,14.41,9.85,97.75
2023-07-16,3.42,15.74,10.04,96.97
2023-07-17,4.78,14.69,9.46,97.15
2023-07-18,6.55,14.59,7.69,97.53
2023-07-19,6.0,13.37,7.05,97.33
2023-07-20,6.38,14.25,7.53,97.11
2023-07-21,5.37,13.53,8.47,97.21
2023-07-22,4.32,13.65,8.41,97.29
2023-07-23,6.16,14.58,7.75,97.32
2023-07-24,1.64,14.07,9.24,96.77
2023-07-25,5.14,14.84,9.66,96.17
2023-07-26,5.26,13.81,8.26,96.76
2023-07-27,5.15,14.28,8.18,97.09
2023-07-28,4.99,16.04,9.18,97.25
2023-07-29,5.83,16.18,9.6,97.19
2023-07-30,4.78,15.37,9.88,97.01
2023-07-31,4.28,14.55,9.18,97.0
2023-08-01,4.58,15.86,9.29,96.49
2023-08-02,4.19,17.02,10.3,96.32
2023-08-03,4.6,16.98,9.84,96.47
2023-08-04,3.96,15.0,9.68,97.22
2023-08-05,4.0,14.91,9.51,97.77
2023-08-06,3.43,14.13,8.64,97.96
2023-08-07,0.97,14.48,10.1,96.35
2023-08-08,1.81,15.37,10.55,95.32
2023-08-09,3.09,12.21,8.32,96.69
2023-08-10,3.64,13.41,7.75,97.97
2023-08-11,5.37,14.13,8.2,98.37
2023-08-12,4.26,15.72,9.79,98.17
2023-08-13,3.05,15.93,9.68,98.02
2023-08-14,3.46,15.41,9.86,98.27
2023-08-15,1.47,15.72,10.59,98.24
2023-08-16,4.5,18.04,9.98,98.43
2023-08-17,4.92,16.3,8.9,99.42
2023-08-18,3.83,15.84,9.45,99.58
2023-08-19,2.35,15.79,9.88,99.27
2023-08-20,1.8,17.45,11.66,98.6
2023-08-21,4.89,16.39,9.52,98.34
2023-08-22,5.03,15.52,8.87,98.3
2023-08-23,3.76,16.14,9.7,98.08
2023-08-24,4.31,15.52,9.22,98.15
2023-08-25,1.52,13.51,9.12,97.85
2023-08-26,1.05,13.53,9.44,97.66
2023-08-27,4.0,13.38,9.34,97.2
2023-08-28,3.93,14.44,8.68,97.36
2023-08-29,4.01,12.87,8.52,97.53
2023-08-30,3.22,13.25,8.15,97.55
2023-08-31,4.03,13.46,8.04,97.62
2023-09-01,4.45,14.24,8.42,97.88
2023-09-02,4.58,14.35,7.89,98.39
2023-09-03,2.98,13.0,8.28,98.71
2023-09-04,4.76,16.03,9.97,98.76
2023-09-05,4.74,15.91,9.43,98.64
2023-09-06,3.5,12.71,7.77,99.49
2023-09-07,2.11,15.26,10.01,99.4
2023-09-08,1.81,15.45,10.54,99.0
2023-09-09,2.35,14.59,10.42,98.58
2023-09-10,2.66,16.58,10.93,98.32
2023-09-11,0.84,16.08,11.41,97.84
2023-09-12,3.39,14.55,8.54,97.72
2023-09-13,4.32,10.3,5.92,98.55
2023-09-14,2.82,9.75,6.37,98.91
2023-09-15,2.16,12.17,8.32,98.73
2023-09-16,1.52,11.71,8.29,98.67
2023-09-17,3.94,8.68,6.07,99.01
2023-09-18,0.64,10.59,7.89,97.77
2023-09-19,2.72,12.34,8.51,95.94
2023-09-20,1.01,10.93,8.19,96.38
2023-09-21,1.1,14.62,10.56,96.55
2023-09-22,1.72,11.81,8.72,96.48
2023-09-23,2.87,10.52,7.23,97.23
2023-09-24,3.41,9.73,6.32,98.5
2023-09-25,1.01,13.13,9.14,98.55
2023-09-26,2.38,12.17,8.28,98.95
2023-09-27,1.86,13.1,9.0,98.53
2023-09-28,0.7,12.54,9.15,98.07
2023-09-29,1.67,12.47,8.47,97.67
2023-09-30,2.83,10.69,7.14,97.76
2023-10-01,2.5,9.32,6.39,98.33
2023-10-02,2.23,10.61,7.31,97.91
2023-10-03,1.98,9.16,6.45,97.15
2023-10-04,2.6,8.72,6.16,97.26
2023-10-05,2.69,7.74,5.7,98.03
2023-10-06,0.75,8.9,6.89,96.97
2023-10-07,2.41,5.61,3.96,97.96
2023-10-08,2.59,3.42,3.81,98.98
2023-10-09,2.0,2.03,3.6,98.46
2023-10-10,1.6,5.44,5.64,97.43
2023-10-11,2.16,9.21,6.48,95.7
2023-10-12,2.0,6.72,4.7,96.62
2023-10-13,0.53,5.1,5.6,96.26
2023-10-14,1.76,6.25,5.5,95.04
2023-10-15,1.88,4.85,4.32,96.99
2023-10-16,1.86,3.53,4.03,98.1
2023-10-17,0.94,5.85,5.35,97.91
2023-10-18,1.56,3.12,4.28,98.54
2023-10-19,1.68,0.62,3.24,98.65
2023-10-20,1.01,0.26,2.98,98.58
2023-10-21,0.33,0.33,3.41,98.07
2023-10-22,0.52,1.61,4.25,97.77
2023-10-23,0.85,2.51,4.69,98.05
2023-10-24,0.64,3.03,4.66,98.5
2023-10-25,0.77,0.3,3.58,98.22
2023-10-26,0.66,-0.33,3.37,97.64
2023-10-27,0.6,-1.19,3.11,97.31
2023-10-28,0.85,-1.56,3.03,97.54
2023-10-29,0.64,-2.47,2.68,97.3
2023-10-30,0.25,-2.77,2.71,96.87
2023-10-31,0.62,-2.1,2.9,97.0
2023-11-01,0.81,-4.48,2.49,97.18
2023-11-02,0.27,-2.12,3.2,96.46
2023-11-03,0.16,0.2,3.99,95.67
2023-11-04,0.34,0.19,4.01,95.27
2023-11-05,0.34,0.36,4.06,95.28
2023-11-06,0.35,0.61,4.11,95.95
2023-11-07,0.61,-0.21,3.85,96.75
2023-11-08,0.46,-2.37,3.49,97.1
2023-11-09,0.31,-0.08,3.88,96.6
2023-11-10,0.25,0.13,3.93,96.55
2023-11-11,0.3,-0.8,3.62,97.14
2023-11-12,0.32,-3.93,2.9,97.76
2023-11-13,0.63,-9.35,1.92,97.6
2023-11-14,0.31,-5.34,2.41,97.3
2023-11-15,0.49,-12.46,1.3,98.15
2023-11-16,0.41,-10.07,1.74,98.65
2023-11-17,0.43,-13.51,1.44,99.0
2023-11-18,0.54,-14.99,1.22,99.09
2023-11-19,0.3,-11.88,1.43,98.02
2023-11-20,0.32,-7.93,1.97,98.2
2023-11-21,0.36,-7.74,2.1,99.24
2023-11-22,0.12,-1.68,3.47,97.6
2023-11-23,0.6,-0.33,3.78,95.52
2023-11-24,0.53,-3.14,2.82,96.16
2023-11-25,0.46,-6.65,2.31,97.54
2023-11-26,0.46,-10.71,1.63,97.84
2023-11-27,0.32,-9.85,1.62,98.26
2023-11-28,0.31,-10.22,1.47,97.63
2023-11-29,0.25,-5.5,2.36,97.39
2023-11-30,0.24,-7.54,1.98,97.89
2023-12-01,0.46,-14.7,1.07,97.93
2023-12-02,0.4,-14.85,1.05,98.12
2023-12-03,0.4,-17.17,0.92,98.63
2023-12-04,0.38,-18.84,0.84,98.56
2023-12-05,0.27,-18.85,0.83,98.69
2023-12-06,0.21,-14.94,1.09,99.05
2023-12-07,0.22,-9.97,1.59,99.15
2023-12-08,0.16,-7.63,2.0,98.71
2023-12-09,0.13,-2.41,3.17,97.84
2023-12-10,0.12,-3.67,2.85,97.65
2023-12-11,0.17,-4.29,2.72,97.45
2023-12-12,0.2,-10.02,1.77,97.97
2023-12-13,0.21,-12.67,1.37,98.17
2023-12-14,0.16,-19.52,0.87,98.41
2023-12-15,0.16,-9.82,1.91,98.55
2023-12-16,0.16,-0.29,3.8,98.03
2023-12-17,0.14,-0.1,3.89,97.83
2023-12-18,0.24,-0.46,3.78,97.51
2023-12-19,0.21,-2.11,3.54,96.6
2023-12-20,0.19,-7.75,2.38,95.81
2023-12-21,0.09,-8.36,2.24,94.07
2023-12-22,0.18,-5.79,2.48,95.0
2023-12-23,0.26,-12.69,1.35,96.03
2023-12-24,0.21,-13.65,1.53,95.47
2023-12-25,0.19,-8.76,1.93,95.1
2023-12-26,0.23,-9.79,1.87,96.24
2023-12-27,0.29,-9.09,1.97,98.12
2023-12-28,0.16,-9.43,1.95,96.46
2023-12-29,0.16,-7.34,2.13,95.68
2023-12-30,0.22,-7.22,2.17,96.92
2023-12-31,0.18,-7.28,2.12,97.93
2024-01-01,0.16,-7.43,2.05,97.93
2024-01-02,0.2,-9.51,1.72,98.04
2024-01-03,0.21,-10.79,1.53,97.55
2024-01-04,0.3,-15.13,1.12,97.9
2024-01-05,0.38,-25.58,0.45,98.28
2024-01-06,0.31,-22.31,0.69,98.95
2024-01-07,0.31,-19.24,0.83,100.02
2024-01-08,0.31,-18.52,0.94,100.48
2024-01-09,0.27,-7.12,2.11,100.32
2024-01-10,0.34,-7.46,2.09,100.01
2024-01-11,0.24,-2.38,3.21,99.77
2024-01-12,0.13,-6.52,2.49,98.92
2024-01-13,0.32,-5.37,2.68,96.8
2024-01-14,0.21,-4.2,2.83,95.79
2024-01-15,0.51,-15.42,1.23,96.15
2024-01-16,0.31,-21.68,0.73,96.42
2024-01-17,0.16,-11.29,1.55,94.79
2024-01-18,0.57,-15.1,1.33,95.5
2024-01-19,0.41,-16.79,1.16,96.41
2024-01-20,0.48,-17.16,0.94,98.02
2024-01-21,0.14,-4.82,2.83,97.17
2024-01-22,0.38,0.0,4.02,94.57
2024-01-23,0.67,-1.32,3.66,96.25
2024-01-24,0.35,-1.59,3.56,95.6
2024-01-25,0.78,-6.17,2.69,98.21
2024-01-26,0.15,-4.87,2.73,97.47
2024-01-27,0.54,-4.09,2.92,98.47
2024-01-28,0.27,-0.22,3.79,98.63
2024-01-29,0.42,-1.22,3.59,98.65
2024-01-30,0.16,-6.2,2.34,98.91
2024-01-31,0.41,-7.03,2.56,97.48
2024-02-01,0.94,-1.43,3.53,96.95
2024-02-02,0.46,-1.19,3.6,96.84
2024-02-03,1.06,-0.34,3.84,96.3
2024-02-04,0.77,-2.82,3.19,96.03
2024-02-05,1.06,-5.79,2.56,96.49
2024-02-06,0.6,-10.51,1.66,96.26
2024-02-07,0.9,-12.39,1.5,96.4
2024-02-08,0.94,-15.64,1.05,96.82
2024-02-09,0.88,-13.23,1.23,97.43
2024-02-10,0.81,-11.35,1.45,97.55
2024-02-11,0.4,-8.9,1.8,97.52
2024-02-12,0.31,-7.08,2.12,97.36
2024-02-13,0.81,-7.85,2.25,97.57
2024-02-14,0.78,-6.26,2.54,97.99
2024-02-15,0.7,-3.99,3.01,98.33
2024-02-16,0.29,-0.68,3.71,97.24
2024-02-17,1.68,-7.03,2.63,99.0
2024-02-18,0.37,-6.09,2.38,99.1
2024-02-19,0.86,-5.87,2.69,98.24
2024-02-20,0.6,-5.21,2.95,97.91
2024-02-21,1.08,-1.68,3.48,97.02
2024-02-22,0.75,-0.09,3.96,95.56
2024-02-23,0.63,0.22,4.09,94.42
2024-02-24,0.96,0.58,4.13,96.43
2024-02-25,0.87,0.27,4.01,97.0
2024-02-26,1.51,-3.23,3.07,98.03
2024-02-27,1.0,-3.13,3.17,98.22
2024-02-28,1.53,0.41,4.01,97.76
2024-02-29,0.45,0.81,4.16,97.26
2024-03-01,0.57,0.86,4.16,97.43
2024-03-02,0.49,0.98,4.19,97.95
2024-03-03,0.54,0.86,4.12,98.42
2024-03-04,1.07,0.67,3.96,99.1
2024-03-05,2.05,-0.58,3.43,99.77
2024-03-06,2.25,-2.63,2.95,100.06
2024-03-07,2.83,-4.09,2.77,99.94
2024-03-08,2.86,-2.81,2.96,99.39
2024-03-09,1.23,-1.95,3.07,98.92
2024-03-10,0.77,-2.99,2.62,98.95
2024-03-11,2.57,-3.15,2.62,98.85
2024-03-12,2.82,-2.42,2.98,98.5
2024-03-13,0.71,-0.6,3.84,97.65
2024-03-14,2.95,1.93,4.54,96.74
2024-03-15,0.51,1.16,4.32,96.54
2024-03-16,0.88,-0.97,3.57,97.29
2024-03-17,3.47,-4.95,2.43,99.28
2024-03-18,2.68,-3.84,2.56,99.12
2024-03-19,1.91,-3.12,3.16,98.68
2024-03-20,1.82,-0.92,3.64,98.41
2024-03-21,2.12,-0.15,3.89,98.22
2024-03-22,3.45,1.61,4.29,96.61
2024-03-23,2.25,1.52,4.3,96.07
2024-03-24,2.24,1.43,4.23,96.43
2024-03-25,1.86,-0.36,3.4,97.06
2024-03-26,1.42,-0.15,3.66,96.9
2024-03-27,1.23,1.34,4.28,96.38
2024-03-28,1.94,2.41,4.65,95.78
2024-03-29,1.42,3.51,5.13,95.85
2024-03-30,1.62,3.03,4.92,97.06
2024-03-31,1.75,3.8,5.02,96.9
2024-04-01,4.21,3.09,4.17,97.13
2024-04-02,2.07,0.77,3.31,97.44
2024-04-03,4.28,-1.92,2.2,97.9
2024-04-04,1.18,-2.88,2.47,97.74
2024-04-05,2.24,-1.32,3.16,97.29
2024-04-06,2.02,-0.12,3.68,97.68
2024-04-07,2.61,3.82,5.17,96.97
2024-04-08,3.12,5.17,5.54,97.49
2024-04-09,2.33,6.01,5.77,97.57
2024-04-10,3.77,5.44,4.92,97.5
2024-04-11,3.35,5.57,5.23,98.01
2024-04-12,2.5,5.33,5.25,98.34
2024-04-13,4.85,6.01,5.19,97.59
2024-04-14,4.37,4.64,4.33,96.81
2024-04-15,5.53,3.28,3.5,97.21
2024-04-16,5.63,2.71,3.54,97.2
2024-04-17,4.43,1.79,3.61,97.81
2024-04-18,4.14,2.12,3.3,98.12
2024-04-19,3.26,1.28,3.28,97.78
2024-04-20,4.69,2.41,3.46,98.5
2024-04-21,6.15,2.28,3.21,99.75
2024-04-22,6.2,1.86,3.27,99.33
2024-04-23,3.6,2.24,3.66,98.22
2024-04-24,3.13,2.86,3.83,97.77
2024-04-25,3.25,2.63,4.28,97.48
2024-04-26,4.14,3.31,4.01,97.82
2024-04-27,4.7,4.29,4.08,98.21
2024-04-28,1.57,3.26,4.7,98.48
2024-04-29,3.23,7.21,5.66,98.5
2024-04-30,4.83,8.4,5.95,99.51
2024-05-01,5.49,10.63,6.39,99.41
2024-05-02,6.23,10.85,6.21,99.03
2024-05-03,6.12,11.39,6.07,98.74
2024-05-04,6.4,12.91,6.72,98.31
2024-05-05,2.87,11.19,8.11,97.71
2024-05-06,3.07,9.55,6.04,98.13
2024-05-07,4.76,9.62,6.44,98.93
2024-05-08,4.35,10.39,6.76,99.16
2024-05-09,2.9,10.75,7.09,98.65
2024-05-10,6.06,8.12,4.36,99.11
2024-05-11,6.8,10.72,5.95,99.28
2024-05-12,6.74,13.9,7.8,99.2
2024-05-13,7.0,13.73,7.51,98.91
2024-05-14,7.25,13.47,6.83,98.74
2024-05-15,7.1,15.03,7.75,98.76
2024-05-16,7.28,15.08,7.89,98.97
2024-05-17,7.66,14.09,7.0,98.94
2024-05-18,7.72,15.1,7.43,98.55
2024-05-19,6.98,16.39,8.31,98.17
2024-05-20,7.03,13.6,7.13,98.84
2024-05-21,7.64,14.67,7.64,99.07
2024-05-22,7.58,15.25,7.56,98.89
2024-05-23,6.65,16.98,9.22,98.7
2024-05-24,3.02,16.53,10.4,98.84
2024-05-25,5.25,17.5,10.92,99.05
2024-05-26,6.53,18.65,10.9,99.02
2024-05-27,3.95,16.31,10.85,98.46
2024-05-28,5.53,15.98,8.91,98.22
2024-05-29,5.77,14.35,7.56,97.94
2024-05-30,2.98,13.67,9.22,97.94
2024-05-31,6.66,17.38,9.99,98.43
2024-06-01,5.71,20.06,10.32,98.64
2024-06-02,6.71,18.85,10.34,98.29
2024-06-03,6.21,15.82,7.64,97.5
2024-06-04,5.85,12.56,6.93,97.44
2024-06-05,4.61,12.6,7.14,96.68
2024-06-06,7.12,10.47,5.82,97.57
2024-06-07,6.15,10.03,5.93,97.83
2024-06-08,3.33,9.29,6.43,97.05
2024-06-09,6.06,8.88,6.21,95.97
2024-06-10,6.67,11.3,6.63,96.36
2024-06-11,6.63,12.67,6.44,97.26
2024-06-12,4.9,12.01,7.54,97.58
2024-06-13,4.73,11.6,7.0,97.72
2024-06-14,5.24,11.64,6.97,97.98
2024-06-15,3.29,12.94,7.96,97.67
2024-06-16,4.55,13.51,8.01,97.6
2024-06-17,5.7,13.58,8.25,97.84
2024-06-18,4.65,12.43,7.96,97.68
2024-06-19,6.58,14.04,7.52,97.83
2024-06-20,8.07,14.21,6.82,98.19
2024-06-21,8.43,14.75,7.4,98.3
2024-06-22,1.67,13.43,8.74,97.94
2024-06-23,6.3,15.28,8.63,98.09
2024-06-24,8.15,16.88,8.56,98.65
2024-06-25,7.42,17.21,9.53,98.72
2024-06-26,7.08,19.0,11.24,98.46
2024-06-27,6.89,19.62,11.39,98.08
2024-06-28,5.75,18.11,10.61,97.37
2024-06-29,7.21,14.57,7.32,97.75
2024-06-30,4.18,14.29,7.57,97.6
2024-07-01,6.26,15.43,8.36,97.17
2024-07-02,4.06,15.62,8.24,97.06
2024-07-03,5.47,14.9,8.49,96.79
2024-07-04,2.5,12.1,7.99,96.38
2024-07-05,5.33,10.88,7.19,96.32
2024-07-06,4.32,13.1,7.45,96.56
2024-07-07,3.15,13.32,8.25,96.44
2024-07-08,6.21,13.72,7.59,98.12
2024-07-09,7.46,14.55,7.54,98.88
2024-07-10,1.0,13.09,9.13,98.46
2024-07-11,4.5,15.89,9.96,98.18
2024-07-12,6.79,16.24,9.33,98.37
2024-07-13,5.23,17.77,10.6,98.23
2024-07-14,3.11,16.07,10.44,97.68
2024-07-15,2.98,14.86,9.55,97.82
2024-07-16,3.72,15.55,9.74,98.12
2024-07-17,1.96,15.98,10.64,97.93
2024-07-18,6.36,18.18,9.66,98.43
2024-07-19,6.49,17.87,9.85,98.73
2024-07-20,6.55,19.29,11.6,98.37
2024-07-21,5.86,19.83,11.83,98.0
2024-07-22,1.38,16.37,11.1,97.93
2024-07-23,4.97,18.46,10.47,98.08
2024-07-24,3.23,15.35,9.85,98.2
2024-07-25,6.06,16.39,8.92,97.91
2024-07-26,1.42,15.39,10.48,97.64
2024-07-27,5.04,17.11,10.24,97.74
2024-07-28,6.19,16.5,8.79,98.46
2024-07-29,5.84,16.17,8.83,98.89
2024-07-30,5.5,17.48,9.49,98.31
2024-07-31,5.72,15.64,7.57,98.04
2024-08-01,5.63,15.65,8.31,98.18
2024-08-02,5.98,16.78,9.23,98.05
2024-08-03,4.43,16.37,10.19,97.69
2024-08-04,3.4,15.8,11.03,97.66
2024-08-05,5.33,17.49,10.95,98.1
2024-08-06,4.89,17.04,9.87,98.25
2024-08-07,2.97,17.64,10.87,97.92
2024-08-08,4.08,15.85,9.84,97.72
2024-08-09,0.88,14.83,9.99,97.02
2024-08-10,3.33,14.17,8.15,97.21
2024-08-11,5.59,14.41,7.31,98.03
2024-08-12,5.64,14.14,7.33,98.5
2024-08-13,2.59,14.62,8.58,98.53
2024-08-14,2.97,16.66,10.62,98.32
2024-08-15,2.96,16.58,11.15,97.72
2024-08-16,5.34,15.25,8.53,97.59
2024-08-17,4.55,13.94,8.12,97.59
2024-08-18,3.38,13.33,8.3,97.51
2024-08-19,4.76,13.53,7.65,98.04
2024-08-20,1.26,15.0,9.85,97.83
2024-08-21,1.66,15.56,9.77,97.14
2024-08-22,0.97,12.94,9.14,96.88
2024-08-23,1.31,14.03,9.74,96.16
2024-08-24,2.43,12.56,7.74,97.26
2024-08-25,3.6,13.2,7.94,97.19
2024-08-26,3.1,13.37,8.48,97.94
2024-08-27,3.56,12.62,7.82,98.75
2024-08-28,2.7,15.7,10.32,98.95
2024-08-29,1.59,15.83,11.0,98.35
2024-08-30,4.14,13.51,8.14,98.42
2024-08-31,4.34,12.59,6.72,99.39
2024-09-01,4.55,13.5,7.8,99.41
2024-09-02,1.94,12.86,8.32,98.88
2024-09-03,0.69,14.17,9.79,98.68
2024-09-04,1.1,16.58,11.36,99.06
2024-09-05,3.95,17.88,11.38,99.7
2024-09-06,4.01,16.81,10.31,99.51
2024-09-07,3.83,16.07,10.03,99.03
2024-09-08,1.19,16.93,11.03,98.24
2024-09-09,0.54,16.15,11.57,96.82
2024-09-10,3.29,13.15,8.48,96.04
2024-09-11,2.31,10.35,6.53,96.16
2024-09-12,2.99,10.56,6.89,97.23
2024-09-13,3.74,8.6,5.43,98.58
2024-09-14,3.82,7.88,4.91,99.29
2024-09-15,2.94,10.85,7.55,99.14
2024-09-16,0.72,11.29,8.48,99.33
2024-09-17,2.57,10.38,7.36,99.98
2024-09-18,3.01,11.38,7.88,100.33
2024-09-19,3.11,12.06,8.71,100.17
2024-09-20,2.82,11.9,8.59,99.92
2024-09-21,1.87,11.56,8.32,99.58
2024-09-22,1.16,11.8,8.24,98.89
2024-09-23,1.43,10.13,7.69,97.81
2024-09-24,0.67,12.01,8.98,96.82
2024-09-25,1.22,11.08,8.14,95.85
2024-09-26,2.69,7.15,5.27,96.37
2024-09-27,2.27,6.18,4.89,96.02
2024-09-28,2.46,5.39,4.48,97.14
2024-09-29,2.58,5.0,4.4,98.78
2024-09-30,1.5,7.0,6.1,99.31
2024-10-01,1.86,6.73,5.78,99.3
2024-10-02,2.51,6.52,5.53,98.97
2024-10-03,2.39,6.02,5.16,99.04
2024-10-04,2.12,5.52,5.36,98.86
2024-10-05,1.13,6.42,5.84,98.46
2024-10-06,1.47,8.27,6.51,97.93
2024-10-07,0.77,7.91,6.53,97.58
2024-10-08,0.64,8.83,7.18,97.2
2024-10-09,0.85,10.28,8.04,96.01
2024-10-10,0.53,7.59,6.68,95.61
2024-10-11,1.92,3.44,4.24,96.79
2024-10-12,0.73,2.67,4.68,97.79
2024-10-13,0.78,5.41,5.74,97.47
2024-10-14,1.08,3.46,4.73,98.09
2024-10-15,1.66,2.36,4.29,99.0
2024-10-16,0.6,5.1,5.35,99.22
2024-10-17,0.29,6.37,5.95,98.59
2024-10-18,0.56,7.49,6.61,98.47
2024-10-19,0.42,8.67,7.17,98.48
2024-10-20,0.43,9.72,7.69,98.03
2024-10-21,0.85,9.96,7.1,97.38
2024-10-22,0.89,7.31,5.87,98.12
2024-10-23,0.97,6.34,5.45,98.87
2024-10-24,0.9,7.97,6.52,99.15
2024-10-25,0.67,7.34,6.51,98.73
2024-10-26,0.43,5.17,5.6,98.56
2024-10-27,0.77,7.27,6.19,97.61
2024-10-28,0.99,4.84,5.26,98.2
2024-10-29,0.71,2.72,4.58,98.39
2024-10-30,0.94,4.86,5.09,98.28
2024-10-31,0.48,7.03,6.21,97.35
2024-11-01,0.95,5.24,3.86,97.31
2024-11-02,0.58,0.08,3.28,99.32
2024-11-03,0.67,4.39,5.26,98.62
2024-11-04,0.78,2.11,4.77,99.55
2024-11-05,0.54,2.82,4.6,99.32
2024-11-06,0.36,1.96,4.39,99.5
2024-11-07,0.57,2.84,4.55,100.12
2024-11-08,0.37,4.05,5.04,100.1
2024-11-09,0.4,3.79,5.01,100.01
2024-11-10,0.29,1.92,4.27,99.58
2024-11-11,0.39,0.13,3.84,99.39
2024-11-12,0.32,1.1,4.04,100.08
2024-11-13,0.38,2.12,4.43,99.04
2024-11-14,0.37,0.08,3.82,98.63
2024-11-15,0.12,3.26,5.02,97.75
2024-11-16,0.46,3.82,4.09,96.06
2024-11-17,0.21,0.81,3.8,95.61
2024-11-18,0.34,-1.94,3.07,96.3
2024-11-19,0.14,-2.28,3.17,96.32
2024-11-20,0.25,-3.22,2.67,96.3
2024-11-21,0.24,-6.94,1.77,95.87
2024-11-22,0.25,-8.1,1.67,95.9
2024-11-23,0.3,-5.5,2.5,97.02
2024-11-24,0.06,-2.61,3.27,96.52
2024-11-25,0.08,3.05,5.07,95.81
2024-11-26,0.12,2.71,4.85,96.52
2024-11-27,0.19,-1.2,3.45,98.2
2024-11-28,0.22,-5.34,2.35,99.02
2024-11-29,0.04,-3.17,2.99,99.08
2024-11-30,0.08,2.73,4.77,98.51
2024-12-01,0.11,4.59,5.51,98.01
2024-12-02,0.06,3.0,4.94,97.06
2024-12-03,0.22,-5.71,2.38,98.74
2024-12-04,-999.0,-8.06,2.11,99.54
2024-12-05,0.06,-4.89,2.46,98.38
2024-12-06,0.02,-2.64,3.14,97.58
2024-12-07,0.04,-1.32,3.45,97.79
2024-12-08,0.12,-3.24,2.91,99.42
2024-12-09,0.13,-11.12,1.67,100.77
2024-12-10,0.13,-10.16,1.9,100.14
2024-12-11,0.11,-7.94,2.15,99.94
2024-12-12,0.07,-11.52,1.89,99.94
2024-12-13,0.05,-4.44,2.8,98.92
2024-12-14,0.09,-2.01,3.4,96.96
2024-12-15,0.03,-3.83,2.99,96.63
2024-12-16,0.12,0.67,4.04,96.5
2024-12-17,0.12,-3.25,3.15,97.74
2024-12-18,0.02,0.72,4.25,96.09
2024-12-19,0.08,-0.02,3.98,94.92
2024-12-20,0.12,-4.06,2.87,96.45
2024-12-21,0.03,-2.75,3.4,95.77
2024-12-22,0.08,0.56,4.18,94.88
2024-12-23,0.1,-4.38,2.88,97.17
2024-12-24,0.03,-3.62,3.12,98.2
2024-12-25,0.04,0.62,4.04,98.77
2024-12-26,0.05,1.22,4.21,99.49
2024-12-27,0.05,-0.76,3.66,99.75
2024-12-28,0.09,0.21,3.94,98.75
2024-12-29,0.12,1.06,4.26,97.33
2024-12-30,0.09,-4.36,2.72,97.58
2024-12-31,0.09,-6.67,2.12,97.58
2025-01-01,0.09,-8.27,1.89,96.0
2025-01-02,0.15,-13.51,1.33,96.55
2025-01-03,0.15,-12.96,1.43,96.68
2025-01-04,0.18,-14.82,1.2,97.39
2025-01-05,0.13,-16.01,1.09,97.21
2025-01-06,0.04,-7.52,2.14,95.91
2025-01-07,0.07,-1.61,3.54,94.05
2025-01-08,0.08,-6.87,2.26,95.06
2025-01-09,0.1,-6.56,2.29,96.56
2025-01-10,0.2,-9.28,1.81,98.14
2025-01-11,0.24,-9.91,1.69,99.15
2025-01-12,0.23,-16.68,1.1,100.16
2025-01-13,0.04,-6.95,2.6,99.06
2025-01-14,0.13,-0.43,3.75,98.27
2025-01-15,0.02,-1.64,3.48,99.1
2025-01-16,0.14,-0.58,3.68,99.0
2025-01-17,0.24,-0.52,3.77,98.9
2025-01-18,0.08,-2.67,3.32,99.24
2025-01-19,0.27,-6.86,2.42,98.99
2025-01-20,0.13,-8.64,2.11,98.76
2025-01-21,0.08,-6.28,2.42,97.91
2025-01-22,0.23,-12.36,1.83,97.54
2025-01-23,0.09,-6.98,2.26,96.52
2025-01-24,0.21,-5.6,2.91,95.88
2025-01-25,0.48,-0.04,3.99,95.53
2025-01-26,0.51,-1.64,3.54,96.83
2025-01-27,0.24,-1.05,3.62,96.19
2025-01-28,0.22,-1.65,3.51,96.26
2025-01-29,0.47,-0.96,3.63,96.79
2025-01-30,0.54,-6.2,2.51,97.36
